STATE/UT,DISTRICT,THEFT,HURT/GREVIOUS HURT,OTHER THEFT,AUTO THEFT,BURGLARY
A & N ISLANDS,A and N ISLANDS,112,99,104,8,90
A & N ISLANDS,ANDAMAN,918,910,841,77,708
A & N ISLANDS,CAR,4,4,4,0,0
A & N ISLANDS,NICOBAR,23,34,23,0,23
A & N ISLANDS,NORTH,13,8,13,0,6
A & N ISLANDS,SOUTH,54,50,54,0,65
A&N Islands,CAR,1,2,1,0,1
A&N Islands,NORTH,7,17,7,0,5
A&N Islands,SOUTH,29,36,27,2,36
ANDHRA PRADESH,ADILABAD,3964,16392,3209,755,2519
ANDHRA PRADESH,ANANTAPUR,6079,17682,4343,1736,2536
ANDHRA PRADESH,CHITTOOR,11077,13543,8257,2820,2777
ANDHRA PRADESH,CUDDAPAH,4530,14301,3247,1283,1549
ANDHRA PRADESH,CYBERABAD,29665,32697,18823,10842,11946
ANDHRA PRADESH,EAST GODAVARI,13533,31514,10469,3064,5069
ANDHRA PRADESH,GUNTAKAL RLY.,2091,75,2091,0,0
ANDHRA PRADESH,GUNTUR,13165,22209,10583,2582,3509
ANDHRA PRADESH,GUNTUR URBAN,2497,2398,1548,949,416
ANDHRA PRADESH,HYDERABAD CITY,56167,47343,35217,20950,13435
ANDHRA PRADESH,KARIMNAGAR,7588,31334,6249,1339,3258
ANDHRA PRADESH,KHAMMAM,6006,18111,4524,1482,2717
ANDHRA PRADESH,KRISHNA,7002,27498,6025,977,2392
ANDHRA PRADESH,KURNOOL,4921,19228,3876,1045,2494
ANDHRA PRADESH,MAHABOOBNAGAR,9043,19861,8823,220,3014
ANDHRA PRADESH,MEDAK,6273,21372,4959,1314,3440
ANDHRA PRADESH,NALGONDA,5917,19199,4625,1292,2838
ANDHRA PRADESH,NELLORE,8623,24134,6397,2226,2934
ANDHRA PRADESH,NIZAMABAD,6027,21756,4730,1297,3496
ANDHRA PRADESH,PRAKASHAM,5132,17332,3886,1246,2248
ANDHRA PRADESH,RAJAHMUNDRY,1095,2104,841,254,354
ANDHRA PRADESH,RANGA REDDY,4260,13892,3207,1053,3266
ANDHRA PRADESH,SECUNDERABAD RLY.,4819,138,4819,0,6
ANDHRA PRADESH,SRIKAKULAM,2580,13049,2476,104,1437
ANDHRA PRADESH,TIRUPATHI URBAN,2105,2077,1338,767,487
ANDHRA PRADESH,VIJAYAWADA,12278,9360,10610,1668,3101
ANDHRA PRADESH,VIJAYAWADA CITY,9425,11687,6200,3225,1663
ANDHRA PRADESH,VIJAYAWADA RLY.,4227,146,4221,6,2
ANDHRA PRADESH,VISAKHA RURAL,2260,14824,2110,150,1241
ANDHRA PRADESH,VISAKHAPATNAM,11456,8827,8099,3357,3925
ANDHRA PRADESH,VIZIANAGARAM,2610,7865,2602,8,1376
ANDHRA PRADESH,WARANGAL,5847,18544,4395,1452,3247
ANDHRA PRADESH,WARANGAL URBAN,1081,2136,868,213,475
ANDHRA PRADESH,WEST GODAVARI,13847,23937,10879,2968,4169
ARUNACHAL PRADESH,ANJAW,12,19,12,0,11
ARUNACHAL PRADESH,CHANGLANG,378,398,374,4,238
ARUNACHAL PRADESH,DIBANG VALLEY,273,298,233,40,133
ARUNACHAL PRADESH,K/KUMEY,58,73,56,2,55
ARUNACHAL PRADESH,KAMENG EAST,201,419,186,15,149
ARUNACHAL PRADESH,KAMENG WEST,214,290,194,20,105
ARUNACHAL PRADESH,LOHIT,391,349,359,32,206
ARUNACHAL PRADESH,PAPUM PARE,1439,858,757,682,579
ARUNACHAL PRADESH,RURAL,31,66,20,11,24
ARUNACHAL PRADESH,SIANG EAST,676,528,539,137,311
ARUNACHAL PRADESH,SIANG UPPER,149,142,141,8,96
ARUNACHAL PRADESH,SIANG WEST,541,626,475,66,269
ARUNACHAL PRADESH,SUBANSIRI LOWER,213,254,188,25,156
ARUNACHAL PRADESH,SUBANSIRI UPPER,200,485,191,9,134
ARUNACHAL PRADESH,TAWANG,142,73,138,4,76
ARUNACHAL PRADESH,TIRAP,242,261,221,21,206
ARUNACHAL PRADESH,UPPER DIBANG VALLEY,18,18,18,0,32
ASSAM,BAKSA,104,66,78,26,22
ASSAM,BARPETA,2355,2071,2130,225,1665
ASSAM,BASKA,290,513,265,25,132
ASSAM,BIEO,0,0,0,0,0
ASSAM,BONGAIGAON,1316,1118,1144,172,926
ASSAM,C.I.D.,14,0,14,0,0
ASSAM,CACHAR,5861,2856,4974,887,2572
ASSAM,CHIRANG,432,252,379,53,265
ASSAM,DARRANG,2036,3235,1835,201,1291
ASSAM,DHEMAJI,1398,2385,1267,131,363
ASSAM,DHUBRI,2185,4885,2002,183,1286
ASSAM,DIBRUGARH,5099,4048,4487,612,1238
ASSAM,G.R.P.,1552,104,1502,50,54
ASSAM,GOALPARA,1804,1767,1496,308,834
ASSAM,GOLAGHAT,3025,3772,2640,385,998
ASSAM,GUWAHATI CITY,18603,6441,11421,7182,6701
ASSAM,HAILAKANDI,1157,616,1091,66,773
ASSAM,HAMREN,36,21,33,3,19
ASSAM,JORHAT,3104,2818,2473,631,1048
ASSAM,KAMRUP,3576,2308,2669,907,1526
ASSAM,KARBI ANGLONG,1497,639,1226,271,287
ASSAM,KARIMGANJ,1654,1247,1531,123,890
ASSAM,KOKRAJHAR,1579,1874,1360,219,562
ASSAM,LAKHIMPUR,2554,4458,2354,200,865
ASSAM,MORIGAON,1212,2784,1111,101,658
ASSAM,N.C.HILLS,465,286,452,13,139
ASSAM,NAGAON,4995,7055,4093,902,3297
ASSAM,NALBARI,1572,3078,1353,219,938
ASSAM,R.P.O.,129,15,129,0,12
ASSAM,SIBSAGAR,4309,2949,3720,589,1212
ASSAM,SONITPUR,4772,3047,4390,382,2063
ASSAM,TINSUKIA,6041,1755,5720,321,1695
ASSAM,UDALGURI,749,720,657,92,421
Andhra Pradesh,ADILABAD,377,2394,291,86,274
Andhra Pradesh,ANANTAPUR,597,2537,443,154,279
Andhra Pradesh,CHITTOOR,512,937,354,158,157
Andhra Pradesh,CUDDAPAH,702,2310,447,255,220
Andhra Pradesh,CYBERABAD,4779,4284,3018,1761,1318
Andhra Pradesh,EAST GODAVARI,788,2300,478,310,326
Andhra Pradesh,GUNTAKAL RLY.,251,11,251,0,0
Andhra Pradesh,GUNTUR,675,2345,475,200,192
Andhra Pradesh,GUNTUR URBAN,991,1180,583,408,190
Andhra Pradesh,HYDERABAD CITY,4166,3092,2813,1353,658
Andhra Pradesh,KARIMNAGAR,771,2593,529,242,349
Andhra Pradesh,KHAMMAM,887,2268,547,340,455
Andhra Pradesh,KRISHNA,579,2596,425,154,316
Andhra Pradesh,KURNOOL,565,2531,544,21,252
Andhra Pradesh,MAHABOOBNAGAR,1207,2381,1194,13,394
Andhra Pradesh,MEDAK,775,1970,530,245,414
Andhra Pradesh,NALGONDA,810,3315,566,244,375
Andhra Pradesh,NELLORE,1077,2533,754,323,364
Andhra Pradesh,NIZAMABAD,1035,1796,697,338,480
Andhra Pradesh,PRAKASHAM,694,2274,461,233,238
Andhra Pradesh,RAJAHMUNDRY,314,757,182,132,160
Andhra Pradesh,RANGA REDDY,173,626,156,17,96
Andhra Pradesh,SECUNDERABAD RLY.,737,10,737,0,0
Andhra Pradesh,SRIKAKULAM,307,1124,235,72,190
Andhra Pradesh,TIRUPATHI URBAN,827,565,501,326,190
Andhra Pradesh,VIJAYAWADA CITY,2173,1955,1390,783,323
Andhra Pradesh,VIJAYAWADA RLY.,625,11,625,0,0
Andhra Pradesh,VISAKHA RURAL,329,1137,298,31,132
Andhra Pradesh,VISAKHAPATNAM,1203,1356,871,332,355
Andhra Pradesh,VIZIANAGARAM,230,1609,228,2,180
Andhra Pradesh,WARANGAL,327,1789,310,17,256
Andhra Pradesh,WARANGAL URBAN,459,1442,280,179,197
Andhra Pradesh,WEST GODAVARI,1090,2460,779,311,490
Arunachal Pradesh,ANJAW,6,5,6,0,2
Arunachal Pradesh,CHANGLANG,32,24,29,3,15
Arunachal Pradesh,DIBANG VALLEY,17,13,14,3,10
Arunachal Pradesh,K/KUMEY,4,10,4,0,3
Arunachal Pradesh,KAMENG EAST,22,57,22,0,12
Arunachal Pradesh,KAMENG WEST,35,6,23,12,14
Arunachal Pradesh,LOHIT,57,61,43,14,18
Arunachal Pradesh,LONGDING,11,23,11,0,6
Arunachal Pradesh,PAPUM PARE,148,63,61,87,46
Arunachal Pradesh,RURAL,22,22,16,6,5
Arunachal Pradesh,SIANG EAST,61,34,50,11,17
Arunachal Pradesh,SIANG UPPER,12,19,11,1,5
Arunachal Pradesh,SIANG WEST,34,65,26,8,17
Arunachal Pradesh,SUBANSIRI LOWER,18,27,15,3,8
Arunachal Pradesh,SUBANSIRI UPPER,10,45,9,1,5
Arunachal Pradesh,TAWANG,11,7,11,0,3
Arunachal Pradesh,TIRAP,13,13,9,4,10
Arunachal Pradesh,UPPER DIBANG VALLEY,1,4,1,0,0
Assam,BAKSA,125,50,61,64,40
Assam,BARPETA,433,159,322,111,335
Assam,BIEO,0,0,0,0,0
Assam,BONGAIGAON,127,101,62,65,63
Assam,C.I.D.,2,0,2,0,0
Assam,CACHAR,821,80,485,336,206
Assam,CHIRANG,76,5,51,25,20
Assam,DARRANG,225,297,132,93,145
Assam,DHEMAJI,148,232,95,53,49
Assam,DHUBRI,407,1060,295,112,269
Assam,DIBRUGARH,662,858,497,165,123
Assam,G.R.P.,156,0,154,2,2
Assam,GOALPARA,249,137,162,87,185
Assam,GOLAGHAT,285,556,168,117,98
Assam,GUWAHATI CITY,2295,329,1213,1082,828
Assam,HAILAKANDI,150,17,114,36,45
Assam,HAMREN,18,0,15,3,12
Assam,JORHAT,510,545,311,199,166
Assam,KAMRUP,463,196,300,163,206
Assam,KARBI ANGLONG,96,43,34,62,43
Assam,KARIMGANJ,183,20,164,19,132
Assam,KOKRAJHAR,291,111,134,157,53
Assam,LAKHIMPUR,166,92,105,61,103
Assam,MORIGAON,141,392,76,65,74
Assam,N.C.HILLS,51,13,48,3,20
Assam,NAGAON,566,939,341,225,407
Assam,NALBARI,223,328,194,29,124
Assam,R.P.O.,1,0,1,0,0
Assam,SIBSAGAR,464,760,341,123,155
Assam,SONITPUR,544,553,369,175,186
Assam,STF,0,0,0,0,0
Assam,TINSUKIA,511,109,454,57,147
Assam,UDALGURI,126,189,86,40,55
BIHAR,ARARIA,2384,1843,2041,343,604
BIHAR,ARWAL,648,1257,618,30,188
BIHAR,AURANGABAD,2984,7309,2731,253,1177
BIHAR,BAGAHA,1550,3376,1509,41,362
BIHAR,BANKA,1371,2493,1259,112,778
BIHAR,BEGUSARAI,3711,5020,3209,502,833
BIHAR,BETTIAH,3835,14334,3365,470,993
BIHAR,BHABHUA,2239,2591,1913,326,777
BIHAR,BHAGALPUR,5256,4047,4020,1236,1610
BIHAR,BHOJPUR,3838,7519,3118,720,1183
BIHAR,BUXAR,2912,3694,2499,413,848
BIHAR,DARBHANGA,3464,3814,2827,637,855
BIHAR,GAYA,6197,6399,4559,1638,1735
BIHAR,GOPALGANJ,2213,3934,1684,529,788
BIHAR,JAMALPUR RLY.,1584,56,1493,91,11
BIHAR,JAMUI,1432,4765,1276,156,546
BIHAR,JEHANABAD,1698,1497,1452,246,502
BIHAR,KATIHAR,2379,5675,1878,501,647
BIHAR,KATIHAR RLY.,2651,171,2576,75,95
BIHAR,KHAGARIA,1190,3824,1014,176,210
BIHAR,KISHANGANJ,1477,1705,1189,288,483
BIHAR,LAKHISARAI,1111,1958,991,120,342
BIHAR,MADHEPURA,1397,2027,1116,281,310
BIHAR,MADHUBANI,3213,9492,2719,494,1097
BIHAR,MOTIHARI,5203,11461,4311,892,1665
BIHAR,MUNGER,2463,2967,2027,436,532
BIHAR,MUZAFFARPUR,10505,6568,7801,2704,2498
BIHAR,MUZAFFARPUR RLY.,3808,392,3480,328,106
BIHAR,NALANDA,3929,11071,3506,423,1019
BIHAR,NAUGACHIA,653,1414,563,90,179
BIHAR,NAWADAH,1475,3673,1242,233,534
BIHAR,PATNA,23942,7533,11996,11946,6855
BIHAR,PATNA RLY.,8327,13,7821,506,29
BIHAR,PURNEA,2508,3501,1993,515,997
BIHAR,ROHTAS,4930,4367,4027,903,1638
BIHAR,SAHARSA,1394,2596,1199,195,486
BIHAR,SAMASTIPUR,3937,3533,3189,748,1041
BIHAR,SARAN,4795,12828,3957,838,1396
BIHAR,SHEIKHPURA,861,1070,789,72,170
BIHAR,SHEOHAR,446,1255,375,71,134
BIHAR,SITAMARHI,3508,3834,2444,1064,997
BIHAR,SIWAN,2755,4851,2026,729,939
BIHAR,SUPAUL,1675,2428,1446,229,475
BIHAR,VAISHALI,5524,5111,3903,1621,1629
Bihar,ARARIA,289,104,222,67,38
Bihar,ARWAL,77,76,62,15,27
Bihar,AURANGABAD,365,1204,297,68,95
Bihar,BAGAHA,183,0,170,13,28
Bihar,BANKA,169,183,123,46,58
Bihar,BEGUSARAI,589,503,391,198,104
Bihar,BETTIAH,624,105,426,198,138
Bihar,BHABHUA,196,743,121,75,65
Bihar,BHAGALPUR,456,166,257,199,134
Bihar,BHOJPUR,423,2526,318,105,148
Bihar,BUXAR,415,642,252,163,101
Bihar,DARBHANGA,506,271,347,159,103
Bihar,GAYA,1204,875,842,362,212
Bihar,GOPALGANJ,280,2069,176,104,103
Bihar,JAMALPUR RLY.,223,22,210,13,1
Bihar,JAMUI,96,514,78,18,50
Bihar,JEHANABAD,194,708,180,14,37
Bihar,KATIHAR,397,1430,199,198,39
Bihar,KATIHAR RLY.,151,33,151,0,0
Bihar,KHAGARIA,170,1251,126,44,23
Bihar,KISHANGANJ,145,255,116,29,68
Bihar,LAKHISARAI,125,297,90,35,24
Bihar,MADHEPURA,226,826,161,65,41
Bihar,MADHUBANI,388,1350,310,78,90
Bihar,MOTIHARI,549,1610,397,152,235
Bihar,MUNGER,336,310,241,95,55
Bihar,MUZAFFARPUR,1876,2465,1017,859,292
Bihar,MUZAFFARPUR RLY.,337,18,283,54,4
Bihar,NALANDA,340,2892,236,104,120
Bihar,NAUGACHIA,60,125,43,17,18
Bihar,NAWADAH,203,712,141,62,47
Bihar,PATNA,4314,1526,2559,1755,591
Bihar,PATNA RLY.,774,0,703,71,3
Bihar,PURNEA,289,871,226,63,56
Bihar,ROHTAS,615,1988,422,193,172
Bihar,SAHARSA,201,317,159,42,29
Bihar,SAMASTIPUR,431,823,303,128,73
Bihar,SARAN,650,1637,445,205,142
Bihar,SHEIKHPURA,87,191,60,27,31
Bihar,SHEOHAR,57,270,41,16,14
Bihar,SITAMARHI,650,2142,374,276,203
Bihar,SIWAN,502,0,261,241,119
Bihar,SUPAUL,324,1310,276,48,62
Bihar,VAISHALI,937,315,446,491,192
CHANDIGARH,CHANDIGARH,18474,816,9279,9195,2947
CHHATTISGARH,BALOD,75,24,50,25,70
CHHATTISGARH,BALODA BAZAR,181,858,124,57,182
CHHATTISGARH,BALRAMPUR,372,1197,352,20,478
CHHATTISGARH,BEMETARA,105,30,70,35,57
CHHATTISGARH,BILASPUR,8520,13846,5867,2653,6278
CHHATTISGARH,BIZAPUR,109,182,72,37,105
CHHATTISGARH,DANTEWARA,608,652,493,115,551
CHHATTISGARH,DHAMTARI,1435,1050,1052,383,1432
CHHATTISGARH,DURG,10102,5234,6886,3216,6527
CHHATTISGARH,GARIYABAND,113,534,78,35,87
CHHATTISGARH,GRP RAIPUR,2663,141,2528,135,79
CHHATTISGARH,JAGDALPUR,1648,3897,1088,560,1680
CHHATTISGARH,JANJGIR,3251,6806,2335,916,2557
CHHATTISGARH,JASHPUR,943,1222,677,266,878
CHHATTISGARH,KABIRDHAM,993,4922,824,169,879
CHHATTISGARH,KANKER,689,514,535,154,697
CHHATTISGARH,KAWARDHA,43,167,39,4,69
CHHATTISGARH,KONDAGAON,23,126,23,0,20
CHHATTISGARH,KORBA,3288,6154,2113,1175,2073
CHHATTISGARH,KORIYA,1516,4507,1237,279,2013
CHHATTISGARH,MAHASAMUND,2062,2195,1530,532,1527
CHHATTISGARH,MUNGELI,94,31,70,24,83
CHHATTISGARH,NARAYANPUR,74,191,50,24,64
CHHATTISGARH,RAIGARH,4053,5150,2599,1454,2679
CHHATTISGARH,RAIPUR,14067,19660,7714,6353,8098
CHHATTISGARH,RAJNANDGAON,2549,1251,1777,772,2388
CHHATTISGARH,SARGUJA,2463,1716,1804,659,2299
CHHATTISGARH,SUKMA,7,14,5,2,8
CHHATTISGARH,SURAJPUR,827,2755,686,141,798
Chandigarh,CHANDIGARH,1519,59,645,874,258
Chhattisgarh,BALOD,61,52,46,15,47
Chhattisgarh,BALODA BAZAR,151,706,79,72,198
Chhattisgarh,BALRAMPUR,40,74,32,8,27
Chhattisgarh,BEMETARA,112,19,78,34,80
Chhattisgarh,BILASPUR,496,1779,222,274,477
Chhattisgarh,BIZAPUR,3,9,3,0,16
Chhattisgarh,DANTEWARA,16,25,13,3,19
Chhattisgarh,DHAMTARI,85,55,40,45,116
Chhattisgarh,DURG,702,149,377,325,434
Chhattisgarh,GARIYABAND,46,26,29,17,39
Chhattisgarh,GRP RAIPUR,193,8,191,2,2
Chhattisgarh,JAGDALPUR,77,427,24,53,69
Chhattisgarh,JANJGIR,266,1248,144,122,195
Chhattisgarh,JASHPUR,81,73,62,19,57
Chhattisgarh,KABIRDHAM,66,589,42,24,65
Chhattisgarh,KANKER,38,18,23,15,38
Chhattisgarh,KONDAGAON,17,122,6,11,11
Chhattisgarh,KORBA,195,648,106,89,119
Chhattisgarh,KORIYA,89,620,67,22,130
Chhattisgarh,MAHASAMUND,196,95,125,71,163
Chhattisgarh,MUNGELI,77,60,68,9,86
Chhattisgarh,NARAYANPUR,7,47,6,1,14
Chhattisgarh,RAIGARH,390,701,173,217,213
Chhattisgarh,RAIPUR,1396,2327,605,791,588
Chhattisgarh,RAJNANDGAON,173,62,95,78,158
Chhattisgarh,SARGUJA,106,61,48,58,88
Chhattisgarh,SUKMA,13,4,5,8,7
Chhattisgarh,SURAJPUR,97,542,73,24,71
D & N HAVELI,D and N HAVELI,773,318,484,289,388
D&N Haveli,D&N HAVELI,58,15,32,26,21
DAMAN & DIU,DAMAN,486,159,191,295,423
DAMAN & DIU,DIU,78,31,31,47,57
DELHI UT,CAW,0,2,0,0,0
DELHI UT,CENTRAL,15587,1755,8040,7547,1065
DELHI UT,CRIME BRANCH,17,0,17,0,0
DELHI UT,EAST,29165,2649,11162,18003,2253
DELHI UT,EOW,0,0,0,0,0
DELHI UT,G.R.P.(RLY),5849,49,5769,80,8
DELHI UT,GRP(RLY),5309,59,5084,225,9
DELHI UT,I.G.I. AIRPORT,266,14,223,43,2
DELHI UT,IGI AIRPORT,750,6,565,185,5
DELHI UT,NEW DELHI,9318,394,6300,3018,590
DELHI UT,NORTH,12379,1603,7127,5252,1119
DELHI UT,NORTH EAST,3668,946,1641,2027,579
DELHI UT,NORTH WEST,9925,1429,4532,5393,1939
DELHI UT,NORTH-EAST,15265,2173,5124,10141,1078
DELHI UT,NORTH-WEST,17635,1630,6315,11320,2325
DELHI UT,OUTER,11625,1382,3838,7787,1453
DELHI UT,S.T.F.,2,0,2,0,0
DELHI UT,SOUTH,37467,2167,16014,21453,4163
DELHI UT,SOUTH WEST,6517,642,3506,3011,1457
DELHI UT,SOUTH-EAST,12477,1190,4312,8165,886
DELHI UT,SOUTH-WEST,11290,1048,4565,6725,1748
DELHI UT,SPL CELL,1,0,1,0,0
DELHI UT,STF,1,0,1,0,0
DELHI UT,WEST,27033,3072,10391,16642,2876
Daman & Diu,DAMAN,35,12,12,23,18
Daman & Diu,DIU,3,2,1,2,1
Delhi UT,CAW,0,0,0,0,0
Delhi UT,CENTRAL,1928,122,980,948,121
Delhi UT,CRIME BRANCH,1,0,1,0,0
Delhi UT,EAST,4252,177,1939,2313,236
Delhi UT,EOW,0,0,0,0,0
Delhi UT,GRP(RLY),553,4,548,5,0
Delhi UT,IGI AIRPORT,79,2,68,11,0
Delhi UT,METRO RAIL,875,1,856,19,4
Delhi UT,NEW DELHI,473,21,346,127,19
Delhi UT,NORTH,1542,93,885,657,165
Delhi UT,NORTH-EAST,3703,241,1609,2094,143
Delhi UT,NORTH-WEST,2548,172,1366,1182,331
Delhi UT,OUTER,3383,203,1708,1675,547
Delhi UT,SOUTH,3420,133,1830,1590,429
Delhi UT,SOUTH-EAST,3155,237,1290,1865,240
Delhi UT,SOUTH-WEST,1077,127,454,623,263
Delhi UT,STF,0,0,0,0,0
Delhi UT,WEST,3135,235,1328,1807,337
GOA,NORTH GOA,4638,1297,3002,1636,2118
GOA,SOUTH GOA,3407,990,2166,1241,1582
GUJARAT,AHMEDABAD COMMR.,57655,16439,27496,30159,9392
GUJARAT,AHMEDABAD RURAL,3592,4117,2503,1089,1318
GUJARAT,AHWA-DANG,104,259,82,22,51
GUJARAT,AMRELI,2112,3518,1450,662,1305
GUJARAT,ANAND,4856,4669,2825,2031,1611
GUJARAT,BHARUCH,4199,3672,2571,1628,1570
GUJARAT,BHAVNAGAR,8643,2624,5535,3108,3240
GUJARAT,CID CRIME,2,0,2,0,0
GUJARAT,DAHOD,1845,4181,902,943,1006
GUJARAT,GANDHINAGAR,5897,3206,3495,2402,1626
GUJARAT,HIMATNAGAR,2688,3171,1753,935,1732
GUJARAT,JAMNAGAR,5136,4899,3096,2040,2210
GUJARAT,JUNAGADH,6275,5924,3883,2392,2472
GUJARAT,KHEDA NORTH,3890,4269,2775,1115,1397
GUJARAT,KUTCH,4219,4110,2507,1712,2337
GUJARAT,KUTCH (EAST(G)),512,520,275,237,194
GUJARAT,KUTCH (WEST-BHUJ),380,350,188,192,179
GUJARAT,MEHSANA,7430,9223,5415,2015,2565
GUJARAT,NARMADA,391,1228,271,120,202
GUJARAT,NAVSARI,1459,953,731,728,804
GUJARAT,PALANPUR,4824,12298,3330,1494,2506
GUJARAT,PANCHMAHAL,3065,4008,1953,1112,1480
GUJARAT,PATAN,3556,4283,2736,820,1082
GUJARAT,PORBANDAR,899,1235,561,338,474
GUJARAT,RAJKOT COMMR.,13253,4818,5681,7572,3191
GUJARAT,RAJKOT RURAL,4271,4796,2688,1583,2192
GUJARAT,SURAT COMMR.,23340,6788,7685,15655,4739
GUJARAT,SURAT RURAL,2533,2370,1409,1124,941
GUJARAT,SURENDRANAGAR,2849,5805,1976,873,1307
GUJARAT,TAPI,332,528,185,147,92
GUJARAT,VADODARA COMMR.,16108,3813,6708,9400,4353
GUJARAT,VADODARA RURAL,2699,4199,1703,996,923
GUJARAT,VALSAD,4061,2302,2123,1938,1994
GUJARAT,W.RLY,8762,498,8448,314,184
GUJARAT,W.RLY AHMEDABAD,426,61,385,41,16
GUJARAT,W.RLY VADODARA,944,84,872,72,4
Goa,NORTH GOA,699,232,480,219,219
Goa,SOUTH GOA,439,117,304,135,166
Gujarat,AHMEDABAD COMMR.,3449,1342,1358,2091,674
Gujarat,AHMEDABAD RURAL,219,244,135,84,94
Gujarat,AHWA-DANG,10,19,8,2,9
Gujarat,AMRELI,95,256,43,52,78
Gujarat,ANAND,241,258,86,155,98
Gujarat,BHARUCH,403,260,206,197,170
Gujarat,BHAVNAGAR,388,551,190,198,157
Gujarat,CID CRIME,0,0,0,0,0
Gujarat,DAHOD,239,221,83,156,183
Gujarat,GANDHINAGAR,381,181,192,189,110
Gujarat,HIMATNAGAR,252,148,147,105,118
Gujarat,JAMNAGAR,404,785,224,180,146
Gujarat,JUNAGADH,245,445,134,111,151
Gujarat,KHEDA NORTH,155,263,66,89,64
Gujarat,KUTCH (EAST(G)),323,303,164,159,212
Gujarat,KUTCH (WEST-BHUJ),252,201,171,81,114
Gujarat,MEHSANA,551,407,305,246,176
Gujarat,NARMADA,50,89,19,31,26
Gujarat,NAVSARI,272,103,107,165,108
Gujarat,PALANPUR,474,549,234,240,222
Gujarat,PANCHMAHAL,257,318,86,171,132
Gujarat,PATAN,283,340,150,133,92
Gujarat,PORBANDAR,65,86,39,26,24
Gujarat,RAJKOT COMMR.,853,386,220,633,252
Gujarat,RAJKOT RURAL,388,342,164,224,163
Gujarat,SURAT COMMR.,1570,386,629,941,364
Gujarat,SURAT RURAL,449,147,234,215,142
Gujarat,SURENDRANAGAR,303,382,179,124,122
Gujarat,TAPI,88,52,51,37,34
Gujarat,VADODARA COMMR.,1221,367,372,849,422
Gujarat,VADODARA RURAL,305,227,88,217,88
Gujarat,VALSAD,450,206,198,252,224
Gujarat,W.RLY AHMEDABAD,264,30,234,30,7
Gujarat,W.RLY VADODARA,414,23,399,15,4
HARYANA,AMBALA,4373,2518,2103,2270,2959
HARYANA,AMBALA RURAL,209,66,107,102,118
HARYANA,AMBALA URBAN,600,109,239,361,362
HARYANA,BHIWANI,5008,3138,2027,2981,2495
HARYANA,FARIDABAD,13989,2992,3496,10493,3464
HARYANA,FATEHABAD,2496,2075,1034,1462,1307
HARYANA,GRP,3976,157,3280,696,16
HARYANA,GURGAON,24520,2089,5851,18669,5710
HARYANA,HISSAR,7428,4036,2805,4623,3062
HARYANA,JHAJJAR,3394,1614,1521,1873,1485
HARYANA,JIND,3720,1719,1428,2292,1887
HARYANA,KAITHAL,2870,2422,1352,1518,1569
HARYANA,KARNAL,7706,6442,3126,4580,2913
HARYANA,KURUKSHETRA,6051,2243,2776,3275,2484
HARYANA,MAHENDRAGARH,2441,1783,1321,1120,1226
HARYANA,MEWAT,2346,925,800,1546,300
HARYANA,PALWAL,3231,1128,922,2309,513
HARYANA,PANCHKULA,3432,410,1515,1917,1627
HARYANA,PANIPAT,7924,2039,2263,5661,2225
HARYANA,REWARI,4213,1899,1495,2718,1675
HARYANA,ROHTAK,6552,2087,2246,4306,2887
HARYANA,SIRSA,3945,3807,1800,2145,2056
HARYANA,SONIPAT,6720,3315,2900,3820,2317
HARYANA,YAMUNANAGAR,4250,2241,1421,2829,1847
HIMACHAL PRADESH,BADDIPOLICEDIST,181,583,81,100,139
HIMACHAL PRADESH,BILASPUR,694,653,489,205,533
HIMACHAL PRADESH,CHAMBA,418,764,333,85,1264
HIMACHAL PRADESH,CID,1,0,1,0,0
HIMACHAL PRADESH,G.R.P.,30,3,30,0,5
HIMACHAL PRADESH,HAMIRPUR,491,2533,372,119,504
HIMACHAL PRADESH,KANGRA,1504,2637,1058,446,1549
HIMACHAL PRADESH,KINNAUR,114,128,107,7,311
HIMACHAL PRADESH,KULLU,601,525,486,115,649
HIMACHAL PRADESH,LAHAUL-SPITI,28,22,26,2,23
HIMACHAL PRADESH,MANDI,947,1903,683,264,1040
HIMACHAL PRADESH,SHIMLA,2177,798,1594,583,1618
HIMACHAL PRADESH,SIRMAUR,610,574,357,253,523
HIMACHAL PRADESH,SOLAN,1072,3595,575,497,892
HIMACHAL PRADESH,UNA,790,1191,514,276,639
Haryana,AMBALA RURAL,195,67,106,89,92
Haryana,AMBALA URBAN,438,91,171,267,394
Haryana,BHIWANI,741,253,258,483,411
Haryana,FARIDABAD,1763,135,268,1495,392
Haryana,FATEHABAD,258,134,89,169,176
Haryana,GRP,415,18,316,99,1
Haryana,GURGAON,4330,125,1007,3323,667
Haryana,HISSAR,1182,221,400,782,468
Haryana,I&P HARYANA,0,0,0,0,0
Haryana,JHAJJAR,452,111,198,254,162
Haryana,JIND,726,174,236,490,308
Haryana,KAITHAL,325,167,89,236,181
Haryana,KARNAL,975,214,294,681,459
Haryana,KURUKSHETRA,641,129,174,467,288
Haryana,MAHENDRAGARH,360,107,179,181,182
Haryana,MEWAT,536,67,144,392,59
Haryana,PALWAL,695,148,192,503,128
Haryana,PANCHKULA,464,44,136,328,212
Haryana,PANIPAT,890,144,152,738,232
Haryana,REWARI,727,112,185,542,226
Haryana,ROHTAK,830,151,181,649,325
Haryana,SIRSA,524,239,182,342,228
Haryana,SONIPAT,754,179,238,516,327
Haryana,YAMUNANAGAR,399,141,62,337,203
Himachal Pradesh,BADDIPOLICEDIST,42,174,18,24,30
Himachal Pradesh,BILASPUR,49,60,35,14,69
Himachal Pradesh,CHAMBA,46,59,34,12,66
Himachal Pradesh,CID,0,0,0,0,0
Himachal Pradesh,G.R.P.,5,0,5,0,0
Himachal Pradesh,HAMIRPUR,45,163,22,23,66
Himachal Pradesh,KANGRA,112,152,75,37,139
Himachal Pradesh,KINNAUR,11,8,9,2,26
Himachal Pradesh,KULLU,51,46,35,16,73
Himachal Pradesh,LAHAUL-SPITI,3,0,3,0,0
Himachal Pradesh,MANDI,89,105,76,13,119
Himachal Pradesh,SHIMLA,157,48,109,48,161
Himachal Pradesh,SIRMAUR,58,41,29,29,34
Himachal Pradesh,SOLAN,79,238,41,38,97
Himachal Pradesh,UNA,71,63,46,25,52
JAMMU & KASHMIR,ANANTNAG,1430,262,1094,336,1544
JAMMU & KASHMIR,AWANTIPORA,374,10,318,56,293
JAMMU & KASHMIR,BANDIPORA,280,5,261,19,169
JAMMU & KASHMIR,BARAMULLA,1808,143,1571,237,1514
JAMMU & KASHMIR,BORDER,110,63,92,18,94
JAMMU & KASHMIR,BORDER DISTRICT,94,24,75,19,39
JAMMU & KASHMIR,BUDGAM,2078,32,1850,228,958
JAMMU & KASHMIR,CRIME JAMMU,2,0,2,0,0
JAMMU & KASHMIR,CRIME KASHMIR,0,0,0,0,0
JAMMU & KASHMIR,CRIME SRINAGAR,2,0,2,0,0
JAMMU & KASHMIR,DODA,449,234,433,16,473
JAMMU & KASHMIR,GANDERBAL,575,41,498,77,420
JAMMU & KASHMIR,HANDWARA,432,38,412,20,240
JAMMU & KASHMIR,JAMMU,5503,426,2679,2824,2801
JAMMU & KASHMIR,KARGIL,63,2,55,8,61
JAMMU & KASHMIR,KATHUA,664,223,477,187,635
JAMMU & KASHMIR,KISHTWAR,119,8,115,4,89
JAMMU & KASHMIR,KULGAM,657,292,550,107,530
JAMMU & KASHMIR,KUPWARA,597,74,554,43,473
JAMMU & KASHMIR,LEH,86,14,74,12,146
JAMMU & KASHMIR,POONCH,518,521,510,8,301
JAMMU & KASHMIR,PULWAMA,1130,555,991,139,610
JAMMU & KASHMIR,RAILWAYS,111,0,107,4,2
JAMMU & KASHMIR,RAILWAYS JAMMU,6,0,5,1,0
JAMMU & KASHMIR,RAILWAYS KASHMIR,18,0,18,0,1
JAMMU & KASHMIR,RAILWAYS KATRA,2,0,2,0,0
JAMMU & KASHMIR,RAILWAYS KMR,0,0,0,0,1
JAMMU & KASHMIR,RAJOURI,663,359,583,80,604
JAMMU & KASHMIR,RAMBAN,401,103,334,67,274
JAMMU & KASHMIR,REASI,326,40,294,32,198
JAMMU & KASHMIR,SAMBA,213,18,142,71,143
JAMMU & KASHMIR,SHOPIAN,503,14,456,47,154
JAMMU & KASHMIR,SOPORE,424,3,387,37,219
JAMMU & KASHMIR,SRINAGAR,5333,261,2134,3199,3383
JAMMU & KASHMIR,UDHAMPUR,796,118,655,141,681
JHARKHAND,BOKARO,6705,1360,5307,1398,1364
JHARKHAND,CHAIBASA,1485,425,1182,303,309
JHARKHAND,CHATRA,1039,166,873,166,266
JHARKHAND,DEOGHAR,2304,2631,1767,537,1163
JHARKHAND,DHANBAD,8948,2979,6109,2839,2186
JHARKHAND,DHANBAD RLY.,1940,2,1824,116,60
JHARKHAND,DUMKA,2027,2338,1591,436,690
JHARKHAND,GARHWA,891,2712,781,110,421
JHARKHAND,GIRIDIH,3310,1060,2761,549,1140
JHARKHAND,GODDA,1560,1849,1417,143,588
JHARKHAND,GUMLA,967,479,666,301,292
JHARKHAND,HAZARIBAGH,5381,2779,4114,1267,1314
JHARKHAND,JAMSHEDPUR,9364,4973,6064,3300,1679
JHARKHAND,JAMSHEDPUR RLY.,1596,76,1478,118,71
JHARKHAND,JAMTARA,911,1059,771,140,306
JHARKHAND,KHUNTI,242,120,199,43,26
JHARKHAND,KODERMA,1114,1116,844,270,233
JHARKHAND,LATEHAR,734,442,647,87,209
JHARKHAND,LOHARDAGGA,740,524,590,150,212
JHARKHAND,PAKUR,881,1393,712,169,170
JHARKHAND,PALAMU,1825,4385,1460,365,992
JHARKHAND,RAMGARH,1503,636,1122,381,171
JHARKHAND,RANCHI,12276,4364,7706,4570,1963
JHARKHAND,SAHEBGANJ,1183,1207,1004,179,320
JHARKHAND,SARAIKELA,1953,819,1479,474,401
JHARKHAND,SIMDEGA,443,343,354,89,134
Jammu & Kashmir,ANANTNAG,71,3,56,15,88
Jammu & Kashmir,AWANTIPORA,12,0,11,1,18
Jammu & Kashmir,BANDIPORA,33,0,32,1,30
Jammu & Kashmir,BARAMULLA,97,8,77,20,75
Jammu & Kashmir,BUDGAM,110,0,97,13,85
Jammu & Kashmir,CRIME JAMMU,0,0,0,0,0
Jammu & Kashmir,CRIME SRINAGAR,0,0,0,0,0
Jammu & Kashmir,DODA,49,11,48,1,46
Jammu & Kashmir,GANDERBAL,42,1,38,4,35
Jammu & Kashmir,HANDWARA,55,4,55,0,14
Jammu & Kashmir,JAMMU,398,11,179,219,312
Jammu & Kashmir,KARGIL,4,0,4,0,4
Jammu & Kashmir,KATHUA,73,11,44,29,67
Jammu & Kashmir,KISHTWAR,10,0,10,0,14
Jammu & Kashmir,KULGAM,47,74,40,7,31
Jammu & Kashmir,KUPWARA,76,2,75,1,29
Jammu & Kashmir,LEH,8,0,8,0,9
Jammu & Kashmir,POONCH,22,66,20,2,32
Jammu & Kashmir,PULWAMA,20,64,19,1,11
Jammu & Kashmir,RAILWAYS JAMMU,2,0,2,0,0
Jammu & Kashmir,RAILWAYS KASHMIR,2,0,0,2,0
Jammu & Kashmir,RAILWAYS KATRA,0,0,0,0,0
Jammu & Kashmir,RAJOURI,61,23,44,17,55
Jammu & Kashmir,RAMBAN,34,10,23,11,20
Jammu & Kashmir,REASI,27,10,23,4,24
Jammu & Kashmir,SAMBA,28,5,16,12,29
Jammu & Kashmir,SHOPIAN,81,0,79,2,13
Jammu & Kashmir,SOPORE,113,2,110,3,71
Jammu & Kashmir,SRINAGAR,333,16,127,206,232
Jammu & Kashmir,UDHAMPUR,54,3,42,12,43
Jharkhand,BOKARO,736,0,517,219,159
Jharkhand,CHAIBASA,186,123,149,37,7
Jharkhand,CHATRA,114,25,82,32,30
Jharkhand,DEOGHAR,306,421,197,109,102
Jharkhand,DHANBAD,947,236,542,405,194
Jharkhand,DHANBAD RLY.,263,0,244,19,1
Jharkhand,DUMKA,226,298,166,60,60
Jharkhand,GARHWA,40,722,2,38,42
Jharkhand,GIRIDIH,336,504,250,86,86
Jharkhand,GODDA,144,0,98,46,31
Jharkhand,GUMLA,86,198,60,26,14
Jharkhand,HAZARIBAGH,336,180,202,134,75
Jharkhand,JAMSHEDPUR,922,925,552,370,153
Jharkhand,JAMSHEDPUR RLY.,146,0,127,19,5
Jharkhand,JAMTARA,110,28,74,36,11
Jharkhand,KHUNTI,34,35,20,14,5
Jharkhand,KODERMA,130,263,92,38,23
Jharkhand,LATEHAR,106,45,94,12,7
Jharkhand,LOHARDAGGA,61,0,35,26,10
Jharkhand,PAKUR,107,110,81,26,11
Jharkhand,PALAMU,230,511,163,67,84
Jharkhand,RAMGARH,217,257,150,67,21
Jharkhand,RANCHI,703,354,502,201,119
Jharkhand,SAHEBGANJ,113,603,75,38,36
Jharkhand,SARAIKELA,183,87,125,58,40
Jharkhand,SIMDEGA,57,47,45,12,13
KARNATAKA,BAGALKOT,1561,3398,968,593,983
KARNATAKA,BANGALORE COMMR.,105434,37973,53318,52116,19968
KARNATAKA,BANGALORE RURAL,9055,10804,6099,2956,4268
KARNATAKA,BELGAUM,5130,11119,2803,2327,2948
KARNATAKA,BELLARY,3519,6220,2039,1480,1811
KARNATAKA,BIDAR,2313,11718,1707,606,1802
KARNATAKA,BIJAPUR,1739,7409,1068,671,1518
KARNATAKA,CBPURA,1329,1856,935,394,620
KARNATAKA,CHAMARAJNAGAR,1495,5348,1192,303,810
KARNATAKA,CHICKMAGALUR,2507,9579,1867,640,1832
KARNATAKA,CHITRADURGA,2749,9739,1837,912,1454
KARNATAKA,DAKSHIN KANNADA,2768,5393,1421,1347,2343
KARNATAKA,DAVANAGERE,3296,6103,2172,1124,1949
KARNATAKA,DHARWAD COMMR.,3647,2179,1774,1873,1596
KARNATAKA,DHARWAD RURAL,668,1762,579,89,371
KARNATAKA,GADAG,822,1923,517,305,627
KARNATAKA,GULBARGA,3444,13278,2172,1272,2558
KARNATAKA,HASSAN,4009,15135,2471,1538,2747
KARNATAKA,HAVERI,1358,3363,909,449,905
KARNATAKA,K.G.F.,1259,2930,942,317,780
KARNATAKA,KODAGU,1132,5979,934,198,1352
KARNATAKA,KOLAR,3503,6032,2461,1042,1453
KARNATAKA,KOPPAL,1124,2440,720,404,931
KARNATAKA,MANDYA,4496,12973,2865,1631,2710
KARNATAKA,MANGALORE CITY,471,410,206,265,247
KARNATAKA,MYSORE COMMR.,6727,3617,2847,3880,1836
KARNATAKA,MYSORE RURAL,3007,10660,2350,657,2174
KARNATAKA,RAICHUR,1575,6592,1002,573,1234
KARNATAKA,RAILWAYS,5333,205,5230,103,35
KARNATAKA,RAMANAGAR,2382,2980,1251,1131,1214
KARNATAKA,SHIMOGA,3982,12751,2364,1618,2521
KARNATAKA,TUMKUR,5543,10624,3843,1700,3029
KARNATAKA,UDUPI,1397,3512,860,537,1533
KARNATAKA,UTTAR KANNADA,982,4345,678,304,974
KARNATAKA,YADGIRI,204,983,115,89,165
KERALA,ALAPUZHA,3049,15835,1837,1212,2405
KERALA,CBCID,45,19,22,23,47
KERALA,ERNAKULAM,2423,3509,1813,610,1241
KERALA,ERNAKULAM COMMR.,3572,4836,2406,1166,1689
KERALA,ERNAKULAM RURAL,3500,9241,2418,1082,2172
KERALA,IDUKKI,2405,16106,1991,414,2000
KERALA,KANNUR,2424,13662,1438,986,2687
KERALA,KASARGOD,1831,9271,936,895,1750
KERALA,KOLLAM,4035,22084,2437,1598,3284
KERALA,KOLLAM COMMR.,439,2148,251,188,237
KERALA,KOLLAM RURAL,329,2909,254,75,267
KERALA,KOTTAYAM,4085,20453,2964,1121,3594
KERALA,KOZHIKODE,997,2184,614,383,927
KERALA,KOZHIKODE COMMR.,3073,5419,1545,1528,2248
KERALA,KOZHIKODE RURAL,1959,9826,1145,814,1757
KERALA,MALAPPURAM,4398,10480,2444,1954,3618
KERALA,PALAKKAD,3157,14881,2004,1153,2883
KERALA,PATHANAMTHITTA,2042,12603,1344,698,1883
KERALA,RAILWAYS,2240,265,2230,10,24
KERALA,THRISSUR,4345,12523,2748,1597,2752
KERALA,THRISSUR COMMR.,308,699,196,112,130
KERALA,THRISSUR RURAL,453,1726,344,109,316
KERALA,TRIVANDRUM,1489,4986,962,527,1314
KERALA,TRIVANDRUM COMMR.,4583,9030,2935,1648,2409
KERALA,TRIVANDRUM RURAL,3735,19441,2496,1239,3480
KERALA,WAYANADU,1437,8315,1113,324,1257
Karnataka,BAGALKOT,197,231,84,113,147
Karnataka,BANGALORE COMMR.,10643,3132,5287,5356,1404
Karnataka,BANGALORE RURAL,596,562,291,305,311
Karnataka,BELGAUM,472,775,204,268,310
Karnataka,BELLARY,351,414,146,205,177
Karnataka,BIDAR,171,941,96,75,107
Karnataka,BIJAPUR,145,383,61,84,118
Karnataka,CBPURA,211,472,119,92,76
Karnataka,CHAMARAJNAGAR,137,515,79,58,54
Karnataka,CHICKMAGALUR,162,577,87,75,106
Karnataka,CHITRADURGA,213,782,115,98,130
Karnataka,DAKSHIN KANNADA,100,292,67,33,109
Karnataka,DAVANAGERE,397,641,198,199,180
Karnataka,DHARWAD COMMR.,393,221,192,201,184
Karnataka,DHARWAD RURAL,54,146,36,18,38
Karnataka,GADAG,75,130,36,39,39
Karnataka,GULBARGA,274,781,145,129,195
Karnataka,HASSAN,415,1275,188,227,224
Karnataka,HAVERI,145,251,64,81,76
Karnataka,K.G.F.,62,151,32,30,67
Karnataka,KODAGU,128,462,103,25,107
Karnataka,KOLAR,187,327,116,71,99
Karnataka,KOPPAL,84,206,31,53,49
Karnataka,MANDYA,559,1175,346,213,221
Karnataka,MANGALORE CITY,241,311,111,130,164
Karnataka,MYSORE COMMR.,580,341,156,424,125
Karnataka,MYSORE RURAL,341,869,198,143,220
Karnataka,RAICHUR,156,639,78,78,67
Karnataka,RAILWAYS,726,16,718,8,2
Karnataka,RAMANAGAR,507,620,236,271,273
Karnataka,SHIMOGA,340,1367,193,147,191
Karnataka,TUMKUR,421,741,223,198,210
Karnataka,UDUPI,120,332,75,45,110
Karnataka,UTTAR KANNADA,99,482,61,38,67
Karnataka,YADGIRI,54,558,25,29,46
Kerala,ALAPUZHA,197,1417,129,68,162
Kerala,ERNAKULAM COMMR.,307,463,204,103,88
Kerala,ERNAKULAM RURAL,279,1178,189,90,188
Kerala,IDUKKI,152,1292,131,21,155
Kerala,KANNUR,149,1266,102,47,205
Kerala,KASARGOD,170,859,54,116,135
Kerala,KOLLAM COMMR.,150,962,95,55,117
Kerala,KOLLAM RURAL,186,1248,146,40,176
Kerala,KOTTAYAM,249,1900,182,67,172
Kerala,KOZHIKODE COMMR.,194,593,87,107,108
Kerala,KOZHIKODE RURAL,165,950,81,84,137
Kerala,MALAPPURAM,267,1000,166,101,286
Kerala,PALAKKAD,203,1296,146,57,159
Kerala,PATHANAMTHITTA,161,1240,139,22,162
Kerala,RAILWAYS,229,28,229,0,2
Kerala,THRISSUR COMMR.,157,311,130,27,75
Kerala,THRISSUR RURAL,179,747,143,36,121
Kerala,TRIVANDRUM COMMR.,274,990,191,83,106
Kerala,TRIVANDRUM RURAL,346,1870,241,105,282
Kerala,WAYANADU,65,789,44,21,93
LAKSHADWEEP,LAKSHADWEEP,113,57,102,11,36
Lakshadweep,LAKSHADWEEP,8,5,8,0,2
MADHYA PRADESH,ALIRAJPUR,356,1402,210,146,191
MADHYA PRADESH,ANUPPUR,990,2147,727,263,911
MADHYA PRADESH,ASHOK NAGAR,1334,8174,980,354,1007
MADHYA PRADESH,BALAGHAT,1943,4770,1529,414,1687
MADHYA PRADESH,BARWANI,2285,3944,1660,625,1044
MADHYA PRADESH,BETUL,2504,4851,1850,654,1856
MADHYA PRADESH,BHIND,2922,10526,1978,944,1991
MADHYA PRADESH,BHOPAL,25093,13023,11657,13436,11236
MADHYA PRADESH,BHOPAL RLY.,12301,70,12104,197,124
MADHYA PRADESH,BURHANPUR,1075,1382,776,299,441
MADHYA PRADESH,CHHATARPUR,2739,6614,2021,718,3472
MADHYA PRADESH,CHHINDWARA,3134,15147,2083,1051,2164
MADHYA PRADESH,DAMOH,1828,14382,1234,594,1640
MADHYA PRADESH,DATIYA,1750,4920,1334,416,1204
MADHYA PRADESH,DEWAS,8570,5190,6139,2431,3117
MADHYA PRADESH,DHAR,6357,7431,4245,2112,2738
MADHYA PRADESH,DINDORI,340,1381,248,92,451
MADHYA PRADESH,GUNA,3345,12060,2351,994,2533
MADHYA PRADESH,GWALIOR,18722,12847,7258,11464,11163
MADHYA PRADESH,HARDA,1319,4438,766,553,817
MADHYA PRADESH,HOSHANGABAD,4138,5446,2665,1473,2751
MADHYA PRADESH,INDORE,40882,20260,15358,25524,11729
MADHYA PRADESH,INDORE RLY.,2189,86,2181,8,24
MADHYA PRADESH,JABALPUR,11348,35159,6326,5022,6035
MADHYA PRADESH,JABALPUR RLY.,3860,86,3795,65,49
MADHYA PRADESH,JHABUA,1984,6008,1381,603,1132
MADHYA PRADESH,KATNI,2345,12077,1334,1011,1802
MADHYA PRADESH,KHANDWA,3697,691,2685,1012,3248
MADHYA PRADESH,KHARGON,6350,4811,5241,1109,2271
MADHYA PRADESH,MANDLA,870,3946,683,187,1098
MADHYA PRADESH,MANDSAUR,4360,3296,3069,1291,1967
MADHYA PRADESH,MORENA,5222,18405,3228,1994,2625
MADHYA PRADESH,NARSINGHPUR,1776,12632,1175,601,1281
MADHYA PRADESH,NEEMUCH,3381,4930,2264,1117,1850
MADHYA PRADESH,PANNA,1085,2157,883,202,1451
MADHYA PRADESH,RAISEN,2705,8639,1855,850,1472
MADHYA PRADESH,RAJGARH,4082,4548,2936,1146,1996
MADHYA PRADESH,RATLAM,4525,5616,3155,1370,1821
MADHYA PRADESH,REWA,5514,8805,3484,2030,6329
MADHYA PRADESH,SAGAR,6091,31377,4412,1679,4879
MADHYA PRADESH,SATNA,5388,11530,2987,2401,4787
MADHYA PRADESH,SEONI,1530,3916,1103,427,1311
MADHYA PRADESH,SHAHDOL,2808,3286,2255,553,2982
MADHYA PRADESH,SHAJAPUR,6032,13539,4531,1501,2527
MADHYA PRADESH,SHEOPUR,981,3984,800,181,589
MADHYA PRADESH,SHIVPURI,3171,9903,1871,1300,2177
MADHYA PRADESH,SIDHI,2839,5634,2473,366,3021
MADHYA PRADESH,SIHORE,4132,4501,3030,1102,2259
MADHYA PRADESH,SINGRAULI,684,1610,520,164,520
MADHYA PRADESH,TIKAMGARH,2027,11418,1626,401,1820
MADHYA PRADESH,UJJAIN,14189,8987,9844,4345,5944
MADHYA PRADESH,UMARIYA,976,1704,807,169,1054
MADHYA PRADESH,VIDISHA,3792,8891,2641,1151,2758
MAHARASHTRA,AHMEDNAGAR,14405,8397,9929,4476,5248
MAHARASHTRA,AKOLA,10762,9586,9256,1506,3351
MAHARASHTRA,AMRAVATI COMMR.,9697,4873,7726,1971,2850
MAHARASHTRA,AMRAVATI RURAL,10746,10291,9970,776,3294
MAHARASHTRA,AURANGABAD COMMR.,9008,4891,5412,3596,3181
MAHARASHTRA,AURANGABAD RURAL,4738,8854,3685,1053,1973
MAHARASHTRA,BEED,7119,11603,5420,1699,3577
MAHARASHTRA,BHANDARA,5526,4368,4854,672,2315
MAHARASHTRA,BULDHANA,8596,9240,7273,1323,2541
MAHARASHTRA,CHANDRAPUR,8285,7347,6891,1394,3480
MAHARASHTRA,DHULE,4158,4450,3040,1118,1675
MAHARASHTRA,GADCHIROLI,1606,2787,1399,207,1161
MAHARASHTRA,GONDIA,4000,4249,3369,631,2278
MAHARASHTRA,HINGOLI,2200,5277,1847,353,1136
MAHARASHTRA,JALGAON,8571,8827,6660,1911,2925
MAHARASHTRA,JALNA,4531,6936,3379,1152,2254
MAHARASHTRA,KOLHAPUR,8448,6311,5323,3125,3294
MAHARASHTRA,LATUR,4627,10297,3177,1450,2456
MAHARASHTRA,MUMBAI,54936,18382,39116,15820,14163
MAHARASHTRA,MUMBAI COMMR.,85365,28353,56997,28368,19916
MAHARASHTRA,MUMBAI RLY.,21604,489,21594,10,36
MAHARASHTRA,NAGPUR COMMR.,27488,10923,16455,11033,12414
MAHARASHTRA,NAGPUR RLY.,11204,286,11046,158,22
MAHARASHTRA,NAGPUR RURAL,11154,8576,9815,1339,3462
MAHARASHTRA,NANDED,6291,15343,4818,1473,4347
MAHARASHTRA,NANDURBAR,2057,3071,1572,485,865
MAHARASHTRA,NASIK COMMR.,13538,2933,7243,6295,5186
MAHARASHTRA,NASIK RURAL,6645,9786,4876,1769,2891
MAHARASHTRA,NAVI MUMBAI,16686,4972,8749,7937,5493
MAHARASHTRA,OSMANABAD,4366,7922,3577,789,2248
MAHARASHTRA,PARBHANI,3791,11617,2756,1035,2481
MAHARASHTRA,PUNE COMMR.,48898,13740,20998,27900,13165
MAHARASHTRA,PUNE RLY.,3600,68,3572,28,3
MAHARASHTRA,PUNE RURAL,14253,8220,8000,6253,5825
MAHARASHTRA,RAIGAD,3963,3186,3246,717,1902
MAHARASHTRA,RATNAGIRI,2700,2312,2290,410,1737
MAHARASHTRA,SANGLI,6439,4969,4499,1940,2573
MAHARASHTRA,SATARA,9795,5545,6769,3026,4140
MAHARASHTRA,SINDHUDURG,1341,1586,1124,217,1128
MAHARASHTRA,SOLAPUR COMMR.,4609,2182,2621,1988,2091
MAHARASHTRA,SOLAPUR RURAL,6617,7873,4773,1844,2797
MAHARASHTRA,THANE COMMR.,28029,17026,16023,12006,13137
MAHARASHTRA,THANE RURAL,10368,9068,6453,3915,6989
MAHARASHTRA,WARDHA,8058,9289,7209,849,3003
MAHARASHTRA,WASHIM,4692,5368,4038,654,1349
MAHARASHTRA,YAVATMAL,11297,12091,9736,1561,3265
MANIPUR,BISHNUPUR,297,460,217,80,69
MANIPUR,CHANDEL,48,99,41,7,21
MANIPUR,CHURACHANDPUR,187,47,152,35,57
MANIPUR,CID,0,0,0,0,0
MANIPUR,IMPHAL EAST,608,390,244,364,65
MANIPUR,IMPHAL WEST,2082,678,495,1587,187
MANIPUR,IMPHAL(EAST),169,249,87,82,41
MANIPUR,IMPHAL(WEST),694,507,278,416,173
MANIPUR,SENAPATI,160,39,142,18,28
MANIPUR,TAMENGLONG,53,25,50,3,1
MANIPUR,THOUBAL,462,905,241,221,91
MANIPUR,UKHRUL,74,34,73,1,22
MEGHALAYA,GARO HILLS EAST,354,97,302,52,146
MEGHALAYA,GARO HILLS SOUTH,194,39,144,50,34
MEGHALAYA,GARO HILLS WEST,981,488,745,236,284
MEGHALAYA,JAINTIA HILLS,700,408,533,167,176
MEGHALAYA,KHASI HILLS EAST,2846,422,2036,810,1092
MEGHALAYA,KHASI HILLS WEST,329,89,296,33,123
MEGHALAYA,RI-BHOI,600,193,482,118,33
MIZORAM,AIZAWL,5201,445,4880,321,2316
MIZORAM,CHAMPHAI,830,147,804,26,517
MIZORAM,KOLASIB,819,132,784,35,321
MIZORAM,LAWNGTLAI,416,80,393,23,231
MIZORAM,LUNGLEI,1402,120,1359,43,673
MIZORAM,MAMIT,244,87,243,1,191
MIZORAM,SAIHA,552,124,546,6,261
MIZORAM,SERCHHIP,339,81,330,9,238
Madhya Pradesh,AGAR,76,281,30,46,33
Madhya Pradesh,ALIRAJPUR,67,232,26,41,31
Madhya Pradesh,ANUPPUR,129,125,73,56,158
Madhya Pradesh,ASHOK NAGAR,91,844,51,40,75
Madhya Pradesh,BALAGHAT,100,239,62,38,94
Madhya Pradesh,BARWANI,170,65,83,87,86
Madhya Pradesh,BETUL,198,231,135,63,129
Madhya Pradesh,BHIND,337,1455,127,210,156
Madhya Pradesh,BHOPAL,2452,38,866,1586,908
Madhya Pradesh,BHOPAL RLY.,1638,2,1624,14,6
Madhya Pradesh,BURHANPUR,106,473,64,42,47
Madhya Pradesh,CHHATARPUR,224,305,24,200,268
Madhya Pradesh,CHHINDWARA,211,2203,111,100,187
Madhya Pradesh,DAMOH,104,1016,58,46,97
Madhya Pradesh,DATIYA,123,254,80,43,60
Madhya Pradesh,DEWAS,437,372,277,160,148
Madhya Pradesh,DHAR,602,400,270,332,200
Madhya Pradesh,DINDORI,63,83,48,15,50
Madhya Pradesh,GUNA,323,610,153,170,156
Madhya Pradesh,GWALIOR,1641,678,410,1231,852
Madhya Pradesh,HARDA,77,90,30,47,35
Madhya Pradesh,HOSHANGABAD,268,327,126,142,178
Madhya Pradesh,INDORE,5906,1393,1591,4315,1455
Madhya Pradesh,INDORE RLY.,367,0,354,13,2
Madhya Pradesh,JABALPUR,927,3471,376,551,509
Madhya Pradesh,JABALPUR RLY.,756,5,743,13,10
Madhya Pradesh,JHABUA,158,66,73,85,76
Madhya Pradesh,KATNI,171,1169,73,98,155
Madhya Pradesh,KHANDWA,258,73,171,87,214
Madhya Pradesh,KHARGON,440,101,254,186,193
Madhya Pradesh,MANDLA,53,249,25,28,63
Madhya Pradesh,MANDSAUR,319,183,175,144,116
Madhya Pradesh,MORENA,519,1905,229,290,169
Madhya Pradesh,NARSINGHPUR,191,1500,108,83,184
Madhya Pradesh,NEEMUCH,213,423,109,104,107
Madhya Pradesh,PANNA,48,197,27,21,71
Madhya Pradesh,RAISEN,230,1852,119,111,104
Madhya Pradesh,RAJGARH,305,245,137,168,167
Madhya Pradesh,RATLAM,288,1034,169,119,136
Madhya Pradesh,REWA,483,636,203,280,616
Madhya Pradesh,SAGAR,434,2250,229,205,313
Madhya Pradesh,SATNA,497,791,204,293,393
Madhya Pradesh,SEONI,98,220,65,33,88
Madhya Pradesh,SHAHDOL,225,546,174,51,294
Madhya Pradesh,SHAJAPUR,306,1204,171,135,125
Madhya Pradesh,SHEOPUR,76,850,25,51,44
Madhya Pradesh,SHIVPURI,251,844,130,121,140
Madhya Pradesh,SIDHI,97,290,76,21,156
Madhya Pradesh,SIHORE,301,246,156,145,174
Madhya Pradesh,SINGRAULI,209,284,135,74,131
Madhya Pradesh,TIKAMGARH,89,655,42,47,115
Madhya Pradesh,UJJAIN,952,1474,430,522,363
Madhya Pradesh,UMARIYA,71,72,46,25,99
Madhya Pradesh,VIDISHA,370,705,215,155,271
Maharashtra,AHMEDNAGAR,1603,759,1048,555,552
Maharashtra,AKOLA,731,942,575,156,198
Maharashtra,AMRAVATI COMMR.,651,392,492,159,205
Maharashtra,AMRAVATI RURAL,985,1445,880,105,222
Maharashtra,AURANGABAD COMMR.,1184,500,565,619,295
Maharashtra,AURANGABAD RURAL,848,784,701,147,170
Maharashtra,BEED,618,864,399,219,343
Maharashtra,BHANDARA,533,306,467,66,132
Maharashtra,BULDHANA,533,1074,408,125,182
Maharashtra,CHANDRAPUR,800,663,591,209,284
Maharashtra,DHULE,353,302,234,119,184
Maharashtra,GADCHIROLI,131,186,95,36,97
Maharashtra,GONDIA,246,352,194,52,174
Maharashtra,HINGOLI,122,311,95,27,56
Maharashtra,JALGAON,976,652,707,269,368
Maharashtra,JALNA,492,532,337,155,225
Maharashtra,KOLHAPUR,886,520,507,379,403
Maharashtra,LATUR,427,570,264,163,264
Maharashtra,MUMBAI COMMR.,10561,3922,6772,3789,2936
Maharashtra,MUMBAI RLY.,1838,47,1838,0,6
Maharashtra,NAGPUR COMMR.,2764,1012,1334,1430,1159
Maharashtra,NAGPUR RLY.,1324,20,1309,15,0
Maharashtra,NAGPUR RURAL,951,613,786,165,227
Maharashtra,NANDED,538,967,337,201,431
Maharashtra,NANDURBAR,181,240,128,53,85
Maharashtra,NASIK COMMR.,905,248,416,489,279
Maharashtra,NASIK RURAL,908,794,561,347,314
Maharashtra,NAVI MUMBAI,1352,444,667,685,662
Maharashtra,OSMANABAD,380,517,297,83,179
Maharashtra,PARBHANI,519,934,358,161,338
Maharashtra,PUNE COMMR.,4091,1018,1691,2400,1195
Maharashtra,PUNE RLY.,399,2,396,3,0
Maharashtra,PUNE RURAL,2241,901,1169,1072,887
Maharashtra,RAIGAD,484,314,381,103,181
Maharashtra,RATNAGIRI,245,162,198,47,157
Maharashtra,SANGLI,545,467,356,189,257
Maharashtra,SATARA,1458,566,1033,425,608
Maharashtra,SINDHUDURG,117,108,102,15,90
Maharashtra,SOLAPUR COMMR.,539,194,244,295,249
Maharashtra,SOLAPUR RURAL,1290,728,1007,283,340
Maharashtra,THANE COMMR.,2856,1586,1372,1484,1595
Maharashtra,THANE RURAL,1514,913,847,667,864
Maharashtra,WARDHA,736,645,633,103,305
Maharashtra,WASHIM,343,424,252,91,136
Maharashtra,YAVATMAL,1472,1856,1233,239,494
Manipur,BISHNUPUR,45,13,18,27,12
Manipur,CHANDEL,4,3,4,0,3
Manipur,CHURACHANDPUR,20,7,8,12,8
Manipur,CID,0,0,0,0,0
Manipur,IMPHAL EAST,184,42,30,154,11
Manipur,IMPHAL WEST,493,107,49,444,20
Manipur,SENAPATI,18,2,14,4,2
Manipur,TAMENGLONG,7,3,6,1,1
Manipur,THOUBAL,72,45,32,40,25
Manipur,UKHRUL,11,1,6,5,3
Meghalaya,GARO HILLS EAST,32,4,24,8,5
Meghalaya,GARO HILLS NORTH,17,6,12,5,3
Meghalaya,GARO HILLS SOUTH,19,10,9,10,5
Meghalaya,GARO HILLS SOUTH W.,9,5,8,1,9
Meghalaya,GARO HILLS WEST,97,28,55,42,27
Meghalaya,JAINTIA HILLS EAST,58,33,50,8,5
Meghalaya,JAINTIA HILLS WEST,42,39,40,2,19
Meghalaya,KHASI HILLS EAST,217,111,191,26,83
Meghalaya,KHASI HILLS SOUTH W.,12,14,10,2,1
Meghalaya,KHASI HILLS WEST,30,7,29,1,10
Meghalaya,RI-BHOI,84,19,66,18,20
Mizoram,AIZAWL,326,22,282,44,195
Mizoram,CHAMPHAI,88,7,87,1,39
Mizoram,KOLASIB,61,8,48,13,44
Mizoram,LAWNGTLAI,23,8,23,0,18
Mizoram,LUNGLEI,53,5,51,2,29
Mizoram,MAMIT,24,8,24,0,16
Mizoram,SAIHA,29,8,29,0,17
Mizoram,SERCHHIP,39,4,36,3,16
Mizoram,SPL NARCOTIC,0,0,0,0,0
Mizoram,TRAFFIC PS,0,0,0,0,0
NAGALAND,DIMAPUR,1828,131,1215,613,466
NAGALAND,KIPHIRE,42,1,41,1,9
NAGALAND,KOHIMA,716,58,334,382,223
NAGALAND,LONGLENG,16,3,16,0,2
NAGALAND,MOKOKCHUNG,164,64,121,43,82
NAGALAND,MON,204,65,185,19,64
NAGALAND,PEREN,75,23,69,6,41
NAGALAND,PHEK,96,60,90,6,57
NAGALAND,TUENSANG,90,5,90,0,58
NAGALAND,WOKHA,371,78,351,20,32
NAGALAND,ZUNHEBOTO,200,44,172,28,112
Nagaland,DIMAPUR,242,6,52,190,13
Nagaland,KIPHIRE,4,2,4,0,0
Nagaland,KOHIMA,48,4,30,18,5
Nagaland,LONGLENG,3,2,2,1,1
Nagaland,MOKOKCHUNG,18,8,14,4,4
Nagaland,MON,12,4,10,2,0
Nagaland,PEREN,5,0,5,0,3
Nagaland,PHEK,16,13,14,2,3
Nagaland,TUENSANG,13,5,13,0,0
Nagaland,WOKHA,28,12,21,7,2
Nagaland,ZUNHEBOTO,17,3,10,7,5
ODISHA,ANGUL,3750,549,3035,715,1379
ODISHA,BALASORE,3322,9038,2567,755,2127
ODISHA,BARAGARH,1962,607,1485,477,898
ODISHA,BERHAMPUR,2058,1926,1182,876,1036
ODISHA,BHADRAK,1297,301,1028,269,784
ODISHA,BOLANGIR,1777,1164,1406,371,1006
ODISHA,BOUDH,415,1520,387,28,262
ODISHA,CUTTACK,5931,1301,4047,1884,2615
ODISHA,DCP BBSR,5925,3699,2647,3278,1377
ODISHA,DCP CTC,2784,126,1368,1416,621
ODISHA,DEOGARH,377,2057,335,42,277
ODISHA,DHENKANAL,2001,806,1630,371,848
ODISHA,GAJAPATI,346,460,289,57,247
ODISHA,GANJAM,1892,2997,1478,414,1509
ODISHA,JAGATSINGHPUR,1982,1587,1549,433,929
ODISHA,JAJPUR,2734,6818,2039,695,1287
ODISHA,JHARSUGUDA,2248,3228,1623,625,933
ODISHA,KALAHANDI,979,2346,811,168,717
ODISHA,KANDHAMAL,822,3871,739,83,644
ODISHA,KENDRAPARA,1243,739,954,289,926
ODISHA,KEONJHAR,2808,1778,2160,648,1032
ODISHA,KHURDA,8442,9204,4720,3722,3896
ODISHA,KORAPUT,1590,427,1362,228,1065
ODISHA,MALKANGIR,496,463,437,59,219
ODISHA,MAYURBHANJ,2697,1339,2310,387,1301
ODISHA,NAYAGARH,1394,3734,1156,238,694
ODISHA,NOWRANGPUR,788,797,670,118,539
ODISHA,NUAPADA,700,505,564,136,310
ODISHA,PURI,3751,1020,2860,891,1954
ODISHA,RAYAGADA,898,339,804,94,507
ODISHA,ROURKELA,3204,1715,2287,917,1176
ODISHA,SAMBALPUR,3603,2349,2796,807,1927
ODISHA,SONEPUR,553,706,484,69,325
ODISHA,SRP(CUTTACK),4113,328,3643,470,98
ODISHA,SRP(ROURKELA),1961,49,1737,224,156
ODISHA,SUNDARGARH,1994,5868,1677,317,884
Odisha,ANGUL,716,45,547,169,183
Odisha,BALASORE,400,1422,275,125,271
Odisha,BARAGARH,143,89,105,38,80
Odisha,BERHAMPUR,267,267,111,156,115
Odisha,BHADRAK,142,42,97,45,94
Odisha,BOLANGIR,185,0,122,63,121
Odisha,BOUDH,37,217,22,15,22
Odisha,CUTTACK,221,715,144,77,117
Odisha,DCP BBSR,1582,818,725,857,340
Odisha,DCP CTC,796,5,408,388,167
Odisha,DEOGARH,44,176,39,5,17
Odisha,DHENKANAL,205,46,146,59,87
Odisha,GAJAPATI,26,65,16,10,18
Odisha,GANJAM,193,343,125,68,109
Odisha,JAGATSINGHPUR,412,207,312,100,133
Odisha,JAJPUR,438,977,288,150,131
Odisha,JHARSUGUDA,189,307,145,44,82
Odisha,KALAHANDI,105,451,87,18,57
Odisha,KANDHAMAL,68,340,47,21,43
Odisha,KENDRAPARA,159,1278,93,66,124
Odisha,KEONJHAR,278,642,173,105,117
Odisha,KHURDA,198,0,135,63,98
Odisha,KORAPUT,120,0,85,35,97
Odisha,MALKANGIR,39,5,35,4,22
Odisha,MAYURBHANJ,272,597,193,79,138
Odisha,NAYAGARH,141,483,79,62,59
Odisha,NOWRANGPUR,76,147,55,21,33
Odisha,NUAPADA,85,58,55,30,41
Odisha,PURI,449,192,269,180,189
Odisha,RAYAGADA,84,45,66,18,72
Odisha,ROURKELA,515,236,354,161,184
Odisha,SAMBALPUR,513,53,332,181,247
Odisha,SONEPUR,84,12,66,18,45
Odisha,SRP(CUTTACK),375,6,336,39,6
Odisha,SRP(ROURKELA),288,0,262,26,17
Odisha,SUNDARGARH,199,457,157,42,71
PUDUCHERRY,KARAIKAL,473,1364,240,233,119
PUDUCHERRY,PONDICHERRY,3887,6078,1750,2137,656
PUDUCHERRY,PUDUCHERRY,3006,3252,862,2144,289
PUNJAB,AMRITSAR,2525,1906,1303,1222,1090
PUNJAB,AMRITSAR RURAL,479,741,376,103,275
PUNJAB,BARNALA,723,1091,492,231,453
PUNJAB,BATALA,1122,1904,752,370,628
PUNJAB,BHATINDA,2877,2860,1380,1497,1983
PUNJAB,CP AMRITSAR,1063,440,668,395,358
PUNJAB,CP JALANDHAR,1425,506,784,641,517
PUNJAB,CP LUDHIANA,1885,682,935,950,628
PUNJAB,FARIDKOT,1051,1889,659,392,728
PUNJAB,FATEHGARH SAHIB,1141,1526,679,462,613
PUNJAB,FAZILKA,233,351,137,96,120
PUNJAB,FEROZEPUR,698,1738,437,261,426
PUNJAB,FEROZPUR,1673,3032,932,741,950
PUNJAB,G.R.P,496,160,420,76,5
PUNJAB,GURDASPUR,969,1261,610,359,596
PUNJAB,HOSHIARPUR,1827,3417,1310,517,1235
PUNJAB,JAGRAON,588,943,426,162,398
PUNJAB,JALANDHAR,4527,4711,2552,1975,2565
PUNJAB,JALANDHAR RURAL,418,578,291,127,305
PUNJAB,KAPURTHALA,1738,2251,1233,505,977
PUNJAB,KHANNA,1173,1397,709,464,685
PUNJAB,LUDHIANA,5320,2516,2507,2813,2212
PUNJAB,LUDHIANA RURAL,458,445,297,161,231
PUNJAB,MAJITHA,318,869,253,65,178
PUNJAB,MANSA,628,1817,400,228,533
PUNJAB,MOGA,1514,2699,897,617,991
PUNJAB,MUKTSAR,1082,1699,671,411,734
PUNJAB,NAWAN SHAHR,614,1394,436,178,399
PUNJAB,PATHANKOT,93,82,50,43,55
PUNJAB,PATIALA,4201,4469,2202,1999,2437
PUNJAB,ROPAR,1576,1329,938,638,858
PUNJAB,SANGRUR,2127,2582,1277,850,1416
PUNJAB,SAS NGR,2531,1005,1185,1346,1137
PUNJAB,SBS NAGAR,446,815,310,136,333
PUNJAB,TARN TARAN,964,1815,741,223,572
Puducherry,KARAIKAL,56,160,30,26,18
Puducherry,PUDUCHERRY,538,555,178,360,53
Punjab,AMRITSAR RURAL,222,205,187,35,96
Punjab,BARNALA,128,65,64,64,60
Punjab,BATALA,70,155,34,36,52
Punjab,BHATINDA,326,229,128,198,225
Punjab,CP AMRITSAR,259,157,160,99,102
Punjab,CP JALANDHAR,388,129,225,163,179
Punjab,CP LUDHIANA,495,193,252,243,198
Punjab,FARIDKOT,72,113,48,24,50
Punjab,FATEHGARH SAHIB,68,133,32,36,51
Punjab,FAZILKA,109,167,65,44,67
Punjab,FEROZPUR,156,193,101,55,86
Punjab,G.R.P,85,7,70,15,2
Punjab,GURDASPUR,110,120,83,27,42
Punjab,HOSHIARPUR,171,204,133,38,141
Punjab,JALANDHAR RURAL,182,202,131,51,137
Punjab,KAPURTHALA,159,183,124,35,97
Punjab,KHANNA,189,104,135,54,81
Punjab,LUDHIANA RURAL,103,92,73,30,72
Punjab,MANSA,57,79,31,26,57
Punjab,MOGA,134,129,87,47,86
Punjab,MUKTSAR,99,108,71,28,71
Punjab,PATHANKOT,28,21,14,14,26
Punjab,PATIALA,350,231,197,153,202
Punjab,ROPAR,123,120,67,56,73
Punjab,SANGRUR,191,206,106,85,120
Punjab,SAS NGR,424,108,203,221,180
Punjab,SBS NAGAR,86,110,65,21,75
Punjab,TARN TARAN,101,153,78,23,79
RAJASTHAN,AJMER,8954,4138,4811,4143,3507
RAJASTHAN,ALWAR,17664,27728,7517,10147,2563
RAJASTHAN,BANSWARA,1358,11890,930,428,880
RAJASTHAN,BARAN,3655,4302,2692,963,1368
RAJASTHAN,BARMER,2655,7119,1661,994,1197
RAJASTHAN,BHARATPUR,11888,8099,6540,5348,1002
RAJASTHAN,BHILWARA,8828,1982,4827,4001,3119
RAJASTHAN,BIKANER,4328,6008,2999,1329,1601
RAJASTHAN,BUNDI,3382,9853,2218,1164,1424
RAJASTHAN,CHITTORGARH,6881,19974,4541,2340,2857
RAJASTHAN,CHURU,2357,7861,1837,520,1155
RAJASTHAN,DAUSA,7905,1099,3813,4092,1071
RAJASTHAN,DHOLPUR,4222,15705,2725,1497,677
RAJASTHAN,DUNGARPUR,802,1858,530,272,607
RAJASTHAN,G.R.P.,4615,36,4462,153,20
RAJASTHAN,G.R.P. AJMER,386,0,363,23,2
RAJASTHAN,G.R.P. JODHPUR,91,1,78,13,0
RAJASTHAN,G.R.P.AJMER,1111,9,1070,41,1
RAJASTHAN,G.R.P.JODHPUR,168,1,154,14,1
RAJASTHAN,GANGANAGAR,4605,12004,3167,1438,2379
RAJASTHAN,HANUMANGARH,3092,5339,2302,790,1286
RAJASTHAN,JAIPUR,17441,7996,10135,7306,4822
RAJASTHAN,JAIPUR EAST,16231,271,4200,12031,2448
RAJASTHAN,JAIPUR NORTH,5339,2430,2054,3285,819
RAJASTHAN,JAIPUR RURAL,6379,4001,3566,2813,1525
RAJASTHAN,JAIPUR SOUTH,9535,1832,3402,6133,1829
RAJASTHAN,JAIPUR WEST,2075,467,698,1377,582
RAJASTHAN,JAISALMER,1546,1420,1267,279,646
RAJASTHAN,JALORE,1933,542,1396,537,968
RAJASTHAN,JHALAWAR,4658,10760,2861,1797,1498
RAJASTHAN,JHUNJHUNU,3861,6135,2894,967,1477
RAJASTHAN,JODHPUR,5218,11653,2945,2273,1747
RAJASTHAN,JODHPUR CITY,4662,3366,1480,3182,1079
RAJASTHAN,JODHPUR EAST,397,417,123,274,50
RAJASTHAN,JODHPUR RURAL,1537,6650,1152,385,655
RAJASTHAN,JODHPUR WEST,646,286,203,443,124
RAJASTHAN,KARAULI,5426,771,3045,2381,414
RAJASTHAN,KOTA,5577,3081,3057,2520,1779
RAJASTHAN,KOTA CITY,5974,951,1811,4163,932
RAJASTHAN,KOTA RURAL,1241,1524,688,553,430
RAJASTHAN,NAGAUR,4694,2457,3261,1433,2321
RAJASTHAN,PALI,4026,531,2731,1295,2389
RAJASTHAN,PRATAPGARH,570,2402,395,175,250
RAJASTHAN,RAJSAMAND,2041,10436,1263,778,1015
RAJASTHAN,SAWAI MADHOPUR,5178,236,2408,2770,1023
RAJASTHAN,SIKAR,4927,4566,3430,1497,2024
RAJASTHAN,SIROHI,1697,5728,1283,414,1221
RAJASTHAN,TONK,3570,13277,2196,1374,1206
RAJASTHAN,UDAIPUR,7648,18161,4436,3212,3278
Rajasthan,AJMER,955,314,394,561,287
Rajasthan,ALWAR,3964,3063,1071,2893,314
Rajasthan,BANSWARA,120,705,53,67,73
Rajasthan,BARAN,308,328,155,153,44
Rajasthan,BARMER,389,409,165,224,150
Rajasthan,BHARATPUR,2068,60,703,1365,91
Rajasthan,BHILWARA,689,46,312,377,197
Rajasthan,BIKANER,346,265,198,148,140
Rajasthan,BUNDI,201,646,103,98,63
Rajasthan,CHITTORGARH,440,816,203,237,156
Rajasthan,CHURU,233,427,147,86,120
Rajasthan,DAUSA,1160,34,382,778,47
Rajasthan,DHOLPUR,420,1219,216,204,50
Rajasthan,DISCOM,0,0,0,0,0
Rajasthan,DUNGARPUR,95,141,47,48,50
Rajasthan,G.R.P.AJMER,670,1,640,30,1
Rajasthan,G.R.P.JODHPUR,111,0,97,14,0
Rajasthan,GANGANAGAR,330,707,158,172,187
Rajasthan,HANUMANGARH,265,415,131,134,112
Rajasthan,JAIPUR EAST,3156,86,467,2689,461
Rajasthan,JAIPUR NORTH,907,295,247,660,130
Rajasthan,JAIPUR RURAL,702,343,423,279,181
Rajasthan,JAIPUR SOUTH,1687,112,309,1378,261
Rajasthan,JAIPUR WEST,1412,299,321,1091,386
Rajasthan,JAISALMER,108,279,75,33,40
Rajasthan,JALORE,218,6,115,103,99
Rajasthan,JHALAWAR,400,750,169,231,94
Rajasthan,JHUNJHUNU,382,591,223,159,124
Rajasthan,JODHPUR EAST,523,496,199,324,106
Rajasthan,JODHPUR RURAL,287,656,225,62,127
Rajasthan,JODHPUR WEST,704,364,216,488,198
Rajasthan,KARAULI,846,0,295,551,32
Rajasthan,KOTA CITY,840,84,228,612,112
Rajasthan,KOTA RURAL,169,159,85,84,61
Rajasthan,NAGAUR,427,91,238,189,199
Rajasthan,PALI,410,217,210,200,236
Rajasthan,PRATAPGARH,137,638,87,50,47
Rajasthan,RAJSAMAND,183,534,88,95,76
Rajasthan,SAWAI MADHOPUR,640,0,186,454,43
Rajasthan,SIKAR,779,188,449,330,250
Rajasthan,SIROHI,119,386,62,57,65
Rajasthan,TONK,285,1204,151,134,106
Rajasthan,UDAIPUR,843,1381,399,444,267
SIKKIM,EAST,574,373,506,68,503
SIKKIM,NORTH,53,63,52,1,36
SIKKIM,SOUTH,262,293,245,17,239
SIKKIM,WEST,130,210,122,8,99
Sikkim,EAST,80,45,71,9,53
Sikkim,NORTH,5,7,3,2,2
Sikkim,SOUTH,32,47,28,4,20
Sikkim,WEST,5,23,3,2,10
TAMIL NADU,ARIYALUR,517,1544,306,211,192
TAMIL NADU,CHENGAI,4301,3442,3324,977,1855
TAMIL NADU,CHENNAI,29379,11699,23944,5435,6543
TAMIL NADU,CHENNAI RLY.,2265,348,2226,39,18
TAMIL NADU,CHENNAISUBURBAN,2152,1874,1715,437,903
TAMIL NADU,COIMBATORE RURAL,10673,13866,6789,3884,2861
TAMIL NADU,COIMBATORE URBAN,10784,2583,6847,3937,1773
TAMIL NADU,CUDDALORE,5424,10813,3682,1742,1382
TAMIL NADU,DHARMAPURI,2675,11529,1575,1100,1022
TAMIL NADU,DINDIGUL,4735,5556,3609,1126,1217
TAMIL NADU,ERODE,6742,15755,4479,2263,1707
TAMIL NADU,KANCHIPURAM,4900,5184,3817,1083,1568
TAMIL NADU,KANYAKUMARI,3624,7242,2940,684,2110
TAMIL NADU,KARUR,2814,2953,1746,1068,532
TAMIL NADU,KRISHNAGIRI,2555,5892,1241,1314,811
TAMIL NADU,MADURAI RURAL,4285,11095,3445,840,1511
TAMIL NADU,MADURAI URBAN,6235,1979,4197,2038,1156
TAMIL NADU,NAGAPATTINAM,2873,9575,2173,700,827
TAMIL NADU,NAMAKKAL,2611,10465,1540,1071,690
TAMIL NADU,NILGIRIS,1220,2561,1034,186,894
TAMIL NADU,PERAMBALUR,1809,4537,1061,748,562
TAMIL NADU,PUDUKOTTAI,2558,3512,1859,699,802
TAMIL NADU,RAMNATHAPURAM,2320,5515,1965,355,914
TAMIL NADU,SALEM RURAL,2828,21864,2050,778,1043
TAMIL NADU,SALEM URBAN,3513,2967,1975,1538,557
TAMIL NADU,SIVAGANGAI,2925,4049,2355,570,1099
TAMIL NADU,THANJAVUR,6953,9150,4702,2251,2111
TAMIL NADU,THENI,3005,7300,2377,628,1104
TAMIL NADU,THIRUNELVELI RURAL,5210,11797,4617,593,2190
TAMIL NADU,THIRUNELVELI URBAN,2164,1176,1706,458,511
TAMIL NADU,THIRUVALLUR,2302,7392,1955,347,941
TAMIL NADU,THIRUVANNAMALAI,3530,8613,2722,808,1130
TAMIL NADU,THIRUVARUR,2193,8384,1671,522,891
TAMIL NADU,THOOTHUGUDI,5379,7145,4534,845,2053
TAMIL NADU,TIRUPPUR,3086,2013,1681,1405,993
TAMIL NADU,TRICHY RLY.,744,172,736,8,18
TAMIL NADU,TRICHY RURAL,2380,6555,1570,810,783
TAMIL NADU,TRICHY URBAN,5202,2301,3922,1280,805
TAMIL NADU,VELLORE,6821,14838,4436,2385,2318
TAMIL NADU,VILLUPURAM,4378,8886,2572,1806,1400
TAMIL NADU,VILUPPURAM,306,468,255,51,102
TAMIL NADU,VIRUDHUNAGAR,4790,6084,4157,633,1440
TRIPURA,DHALAI,316,828,300,16,246
TRIPURA,G.R.P.,3,1,3,0,1
TRIPURA,GOMATI,132,321,94,38,28
TRIPURA,GRP,8,3,8,0,0
TRIPURA,KHOWAI,33,131,26,7,18
TRIPURA,NORTH,811,1702,743,68,423
TRIPURA,SIPAHIJALA,84,250,67,17,37
TRIPURA,SOUTH,1108,2421,999,109,567
TRIPURA,UNAKOTI,45,159,43,2,5
TRIPURA,WEST,2083,3490,1731,352,1079
Tamil Nadu,ARIYALUR,97,295,69,28,42
Tamil Nadu,CHENNAI,1664,1213,1372,292,467
Tamil Nadu,CHENNAI RLY.,268,27,266,2,2
Tamil Nadu,COIMBATORE RURAL,379,510,271,108,160
Tamil Nadu,COIMBATORE URBAN,407,230,280,127,122
Tamil Nadu,CUDDALORE,513,1028,311,202,149
Tamil Nadu,DHARMAPURI,231,1308,115,116,124
Tamil Nadu,DINDIGUL,198,543,123,75,105
Tamil Nadu,ERODE,267,386,144,123,146
Tamil Nadu,KANCHIPURAM,603,572,396,207,230
Tamil Nadu,KANYAKUMARI,249,567,175,74,159
Tamil Nadu,KARUR,126,143,77,49,43
Tamil Nadu,KRISHNAGIRI,190,731,116,74,125
Tamil Nadu,MADURAI RURAL,687,767,511,176,313
Tamil Nadu,MADURAI URBAN,425,198,205,220,57
Tamil Nadu,NAGAPATTINAM,270,518,195,75,79
Tamil Nadu,NAMAKKAL,156,487,101,55,107
Tamil Nadu,NILGIRIS,45,203,35,10,53
Tamil Nadu,PERAMBALUR,72,149,45,27,40
Tamil Nadu,PUDUKOTTAI,110,274,74,36,44
Tamil Nadu,RAMNATHAPURAM,127,452,102,25,115
Tamil Nadu,SALEM RURAL,157,1444,110,47,104
Tamil Nadu,SALEM URBAN,122,329,56,66,67
Tamil Nadu,SIVAGANGAI,220,349,165,55,126
Tamil Nadu,THANJAVUR,423,820,208,215,165
Tamil Nadu,THENI,253,657,193,60,110
Tamil Nadu,THIRUNELVELI RURAL,265,973,214,51,220
Tamil Nadu,THIRUNELVELI URBAN,154,169,102,52,90
Tamil Nadu,THIRUVALLUR,228,392,157,71,151
Tamil Nadu,THIRUVANNAMALAI,250,613,184,66,121
Tamil Nadu,THIRUVARUR,190,428,151,39,90
Tamil Nadu,THOOTHUGUDI,284,644,192,92,214
Tamil Nadu,TIRUPPUR,462,581,274,188,243
Tamil Nadu,TRICHY RLY.,91,15,91,0,5
Tamil Nadu,TRICHY RURAL,146,332,96,50,64
Tamil Nadu,TRICHY URBAN,233,162,190,43,44
Tamil Nadu,VELLORE,663,918,352,311,297
Tamil Nadu,VILLUPURAM,481,1084,198,283,194
Tamil Nadu,VIRUDHUNAGAR,244,473,186,58,138
Tripura,DHALAI,29,78,22,7,19
Tripura,GOMATI,95,299,54,41,35
Tripura,GRP,5,5,5,0,0
Tripura,KHOWAI,34,92,22,12,21
Tripura,NORTH,42,121,33,9,23
Tripura,SIPAHIJALA,78,262,78,0,44
Tripura,SOUTH,38,185,38,0,20
Tripura,UNAKOTI,37,125,29,8,9
Tripura,WEST,175,318,116,59,52
UTTAR PRADESH,AGRA,20725,5381,6412,14313,3063
UTTAR PRADESH,ALIGARH,10393,3756,5443,4950,1875
UTTAR PRADESH,ALLAHABAD,9178,5073,4185,4993,2861
UTTAR PRADESH,AMBEDKAR NAGAR,1343,1911,965,378,508
UTTAR PRADESH,AURAIYA,1044,1526,592,452,292
UTTAR PRADESH,AZAMGARH,2082,3354,1278,804,982
UTTAR PRADESH,BADAUN,2345,3487,1873,472,686
UTTAR PRADESH,BAGHPAT,2009,1111,1211,798,420
UTTAR PRADESH,BAHRAICH,1763,1965,1235,528,797
UTTAR PRADESH,BALLIA,1549,1926,941,608,773
UTTAR PRADESH,BALRAMPUR,562,722,383,179,271
UTTAR PRADESH,BANDA,1220,1158,936,284,669
UTTAR PRADESH,BARABANKI,2487,2993,1912,575,993
UTTAR PRADESH,BAREILLY,7023,4640,4329,2694,1662
UTTAR PRADESH,BASTI,1220,1542,785,435,467
UTTAR PRADESH,BHIM NAGAR,475,152,287,188,156
UTTAR PRADESH,BIJNOR,2934,3313,2058,876,653
UTTAR PRADESH,BULANDSHAHAR,4610,2073,2934,1676,853
UTTAR PRADESH,CHANDOLI,873,1297,530,343,366
UTTAR PRADESH,CHITRAKOOT DHAM,523,426,365,158,348
UTTAR PRADESH,CSM NAGAR,329,599,183,146,142
UTTAR PRADESH,DEORIA,1190,1608,705,485,588
UTTAR PRADESH,ETAH,2997,3040,1702,1295,699
UTTAR PRADESH,ETAWAH,2170,1493,939,1231,540
UTTAR PRADESH,FAIZABAD,2296,2211,1500,796,847
UTTAR PRADESH,FATEHGARH,1431,1253,780,651,471
UTTAR PRADESH,FATEHPUR,1250,2370,786,464,568
UTTAR PRADESH,FIROZABAD,4329,3403,1948,2381,755
UTTAR PRADESH,G.R.P.,23660,110,22730,930,20
UTTAR PRADESH,GAUTAMBUDH NAGAR,18613,407,6488,12125,1294
UTTAR PRADESH,GHAZIABAD,23938,731,7163,16775,2237
UTTAR PRADESH,GHAZIPUR,1251,1695,778,473,576
UTTAR PRADESH,GONDA,1851,2577,1194,657,959
UTTAR PRADESH,GORAKHPUR,6641,3778,2457,4184,1887
UTTAR PRADESH,HAMIRPUR,645,463,527,118,279
UTTAR PRADESH,HARDOI,2280,3663,1792,488,596
UTTAR PRADESH,HATHRAS,2501,1764,1592,909,641
UTTAR PRADESH,J.P.NAGAR,1718,877,1041,677,477
UTTAR PRADESH,JALAUN,1256,101,737,519,383
UTTAR PRADESH,JAUNPUR,1833,3581,1120,713,737
UTTAR PRADESH,JHANSI,2358,987,1097,1261,677
UTTAR PRADESH,KANNAUJ,982,301,673,309,331
UTTAR PRADESH,KANPUR DEHAT,1133,2238,969,164,313
UTTAR PRADESH,KANPUR NAGAR,13894,5567,4482,9412,2849
UTTAR PRADESH,KANSHIRAM NAGAR,460,469,243,217,117
UTTAR PRADESH,KAUSHAMBI,949,1388,778,171,682
UTTAR PRADESH,KHIRI,3477,4333,2309,1168,793
UTTAR PRADESH,KUSHI NAGAR,1071,2063,677,394,407
UTTAR PRADESH,LALITPUR,564,534,391,173,247
UTTAR PRADESH,LUCKNOW,28816,793,13919,14897,6663
UTTAR PRADESH,MAHARAJGANJ,567,938,379,188,338
UTTAR PRADESH,MAHOBA,598,337,416,182,363
UTTAR PRADESH,MAINPURI,2414,2380,1224,1190,604
UTTAR PRADESH,MATHURA,6567,1785,2617,3950,903
UTTAR PRADESH,MAU,1378,1437,875,503,718
UTTAR PRADESH,MEERUT,15742,689,6578,9164,2255
UTTAR PRADESH,MIRZAPUR,1208,1401,830,378,474
UTTAR PRADESH,MORADABAD,7696,1086,4349,3347,1474
UTTAR PRADESH,MUZAFFARNAGAR,6645,261,3764,2881,1147
UTTAR PRADESH,PANCHSHIL NAGAR,719,57,280,439,91
UTTAR PRADESH,PILIBHIT,1450,75,1089,361,371
UTTAR PRADESH,PRABUDDH NAGAR,376,13,185,191,46
UTTAR PRADESH,PRATAPGARH,1962,3558,1268,694,1007
UTTAR PRADESH,RAIBAREILLY,2327,3099,1807,520,806
UTTAR PRADESH,RAMABAI NAGAR,309,741,187,122,60
UTTAR PRADESH,RAMPUR,3359,355,2364,995,742
UTTAR PRADESH,SAHARANPUR,4646,385,2640,2006,712
UTTAR PRADESH,SANT KABIRNAGAR,610,1333,407,203,268
UTTAR PRADESH,SHAHJAHANPUR,2763,2381,1991,772,705
UTTAR PRADESH,SHRAWASTI,587,1145,532,55,307
UTTAR PRADESH,SIDHARTHNAGAR,892,761,558,334,471
UTTAR PRADESH,SITAPUR,5218,3155,4321,897,1356
UTTAR PRADESH,SONBHADRA,846,1073,541,305,380
UTTAR PRADESH,ST.RAVIDASNAGAR,718,807,442,276,335
UTTAR PRADESH,SULTANPUR,2603,3071,1682,921,1080
UTTAR PRADESH,UNNAO,2243,2672,1618,625,692
UTTAR PRADESH,VARANASI,7363,2552,2498,4865,1412
UTTARAKHAND,ALMORA,425,351,401,24,216
UTTARAKHAND,BAGESHWAR,124,89,120,4,64
UTTARAKHAND,CHAMOLI,204,189,188,16,260
UTTARAKHAND,CHAMPAWAT,148,189,119,29,73
UTTARAKHAND,DEHRADUN,5234,2325,3142,2092,1519
UTTARAKHAND,HARIDWAR,5810,4355,3409,2401,950
UTTARAKHAND,NAINITAL,1984,672,1313,671,539
UTTARAKHAND,PAURI GARHWAL,605,617,471,134,406
UTTARAKHAND,PITHORAGARH,252,227,236,16,221
UTTARAKHAND,RUDRA PRAYAG,126,118,119,7,154
UTTARAKHAND,TEHRI GARHWAL,309,189,260,49,190
UTTARAKHAND,UDHAMSINGH NAGAR,4558,1234,2629,1929,823
UTTARAKHAND,UTTARKASHI,256,55,236,20,163
Uttar Pradesh,AGRA,3015,299,650,2365,342
Uttar Pradesh,ALIGARH,1969,278,597,1372,315
Uttar Pradesh,ALLAHABAD,1625,409,504,1121,356
Uttar Pradesh,AMBEDKAR NAGAR,90,116,56,34,23
Uttar Pradesh,AMETHI,142,211,77,65,61
Uttar Pradesh,AMROHA,279,117,167,112,55
Uttar Pradesh,AURAIYA,180,49,70,110,25
Uttar Pradesh,AZAMGARH,272,333,129,143,86
Uttar Pradesh,BADAUN,245,398,127,118,50
Uttar Pradesh,BAGHPAT,296,87,148,148,53
Uttar Pradesh,BAHRAICH,271,179,159,112,61
Uttar Pradesh,BALLIA,263,178,111,152,109
Uttar Pradesh,BALRAMPUR,48,58,37,11,37
Uttar Pradesh,BANDA,249,39,141,108,84
Uttar Pradesh,BARABANKI,158,320,77,81,57
Uttar Pradesh,BAREILLY,773,228,356,417,141
Uttar Pradesh,BASTI,134,194,70,64,36
Uttar Pradesh,BIJNOR,405,13,256,149,86
Uttar Pradesh,BULANDSHAHAR,828,14,352,476,109
Uttar Pradesh,CHANDOLI,102,168,57,45,31
Uttar Pradesh,CHITRAKOOT DHAM,81,11,41,40,42
Uttar Pradesh,DEORIA,214,217,97,117,100
Uttar Pradesh,ETAH,345,279,160,185,47
Uttar Pradesh,ETAWAH,345,156,72,273,55
Uttar Pradesh,FAIZABAD,264,193,132,132,83
Uttar Pradesh,FATEHGARH,239,125,76,163,59
Uttar Pradesh,FATEHPUR,154,273,73,81,49
Uttar Pradesh,FIROZABAD,699,316,224,475,88
Uttar Pradesh,G.R.P.,3043,20,2916,127,1
Uttar Pradesh,GAUTAMBUDH NAGAR,3313,15,1102,2211,228
Uttar Pradesh,GHAZIABAD,3073,91,747,2326,222
Uttar Pradesh,GHAZIPUR,180,223,82,98,52
Uttar Pradesh,GONDA,207,283,116,91,85
Uttar Pradesh,GORAKHPUR,908,402,271,637,194
Uttar Pradesh,HAMIRPUR,84,54,57,27,31
Uttar Pradesh,HAPUR,417,24,161,256,15
Uttar Pradesh,HARDOI,249,244,131,118,61
Uttar Pradesh,HATHRAS,405,131,172,233,39
Uttar Pradesh,JALAUN,127,143,52,75,32
Uttar Pradesh,JAUNPUR,285,281,131,154,90
Uttar Pradesh,JHANSI,290,201,90,200,64
Uttar Pradesh,KANNAUJ,147,1,80,67,32
Uttar Pradesh,KANPUR DEHAT,107,253,52,55,19
Uttar Pradesh,KANPUR NAGAR,1195,228,273,922,171
Uttar Pradesh,KASGANJ,163,178,72,91,46
Uttar Pradesh,KAUSHAMBI,92,94,56,36,59
Uttar Pradesh,KHIRI,564,467,272,292,67
Uttar Pradesh,KUSHI NAGAR,168,314,60,108,48
Uttar Pradesh,LALITPUR,51,92,30,21,17
Uttar Pradesh,LUCKNOW,2613,38,908,1705,553
Uttar Pradesh,MAHARAJGANJ,99,165,56,43,25
Uttar Pradesh,MAHOBA,81,0,44,37,44
Uttar Pradesh,MAINPURI,404,204,94,310,108
Uttar Pradesh,MATHURA,1028,241,283,745,127
Uttar Pradesh,MAU,243,260,91,152,72
Uttar Pradesh,MEERUT,2740,23,802,1938,283
Uttar Pradesh,MIRZAPUR,42,85,24,18,18
Uttar Pradesh,MORADABAD,715,46,304,411,100
Uttar Pradesh,MUZAFFARNAGAR,706,187,302,404,60
Uttar Pradesh,PILIBHIT,117,173,48,69,24
Uttar Pradesh,PRATAPGARH,332,314,143,189,116
Uttar Pradesh,RAIBAREILLY,195,150,104,91,72
Uttar Pradesh,RAMPUR,312,2,180,132,42
Uttar Pradesh,SAHARANPUR,557,108,261,296,77
Uttar Pradesh,SAMBHAL,316,65,161,155,65
Uttar Pradesh,SANT KABIRNAGAR,42,134,17,25,12
Uttar Pradesh,SHAHJAHANPUR,230,220,132,98,47
Uttar Pradesh,SHAMLI,266,7,94,172,23
Uttar Pradesh,SHRAWASTI,52,162,40,12,41
Uttar Pradesh,SIDHARTHNAGAR,87,5,33,54,27
Uttar Pradesh,SITAPUR,375,143,220,155,131
Uttar Pradesh,SONBHADRA,82,116,46,36,33
Uttar Pradesh,ST.RAVIDASNAGAR,67,76,35,32,23
Uttar Pradesh,SULTANPUR,294,236,150,144,100
Uttar Pradesh,UNNAO,271,28,161,110,68
Uttar Pradesh,VARANASI,930,213,329,601,179
Uttarakhand,ALMORA,15,6,13,2,9
Uttarakhand,BAGESHWAR,6,10,6,0,12
Uttarakhand,CHAMOLI,6,12,6,0,6
Uttarakhand,CHAMPAWAT,3,33,2,1,5
Uttarakhand,DEHRADUN,394,51,204,190,59
Uttarakhand,HARIDWAR,534,519,324,210,49
Uttarakhand,NAINITAL,132,85,72,60,0
Uttarakhand,PAURI GARHWAL,49,48,34,15,15
Uttarakhand,PITHORAGARH,9,23,8,1,8
Uttarakhand,RUDRA PRAYAG,6,3,6,0,14
Uttarakhand,TEHRI GARHWAL,10,1,7,3,2
Uttarakhand,UDHAMSINGH NAGAR,428,217,161,267,62
Uttarakhand,UTTARKASHI,4,3,4,0,7
WEST BENGAL,24 PARGANAS NORTH,21986,1879,16035,5951,387
WEST BENGAL,24 PARGANAS SOUTH,18426,1864,14695,3731,556
WEST BENGAL,ASANSOL,3153,843,1949,1204,98
WEST BENGAL,BANKURA,2822,2199,2537,285,118
WEST BENGAL,BDN CP,847,0,631,216,10
WEST BENGAL,BIRBHUM,3675,2768,2845,830,173
WEST BENGAL,BKP CP,1357,143,849,508,9
WEST BENGAL,BURDWAN,6629,1709,4954,1675,247
WEST BENGAL,COOCHBEHAR,2288,1268,1785,503,118
WEST BENGAL,DAKSHIN DINAJPUR,1539,1526,1284,255,63
WEST BENGAL,DARJEELING,5760,5390,4342,1418,100
WEST BENGAL,HOOGHLY,7468,2375,5944,1524,335
WEST BENGAL,HOWRAH,6202,1898,4555,1647,259
WEST BENGAL,HOWRAH CITY,4084,690,2877,1207,76
WEST BENGAL,HOWRAH G.R.P.,5178,80,5172,6,1
WEST BENGAL,JALPAIGURI,13229,5558,11558,1671,507
WEST BENGAL,JHARGRAM,97,11,86,11,3
WEST BENGAL,KHARAGPUR G.R.P.,1326,29,1323,3,1
WEST BENGAL,KOLKATA,41317,19434,33151,8166,1434
WEST BENGAL,MALDA,4038,3357,2742,1296,143
WEST BENGAL,MIDNAPUR,581,63,473,108,39
WEST BENGAL,MURSHIDABAD,7833,18652,6224,1609,114
WEST BENGAL,NADIA,11523,14539,10285,1238,166
WEST BENGAL,PASCHIM MIDNAPUR,4596,1298,3698,898,250
WEST BENGAL,PURAB MIDNAPUR,3320,113,2599,721,156
WEST BENGAL,PURULIA,2526,205,2280,246,49
WEST BENGAL,SEALDAH G.R.P.,2981,247,2977,4,0
WEST BENGAL,SILIGURI G.R.P.,1154,0,1154,0,1
WEST BENGAL,SILIGURI_PC,849,812,484,365,3
WEST BENGAL,UTTAR DINAJPUR,3684,5202,2916,768,84
West Bengal,24 PARGANAS NORTH,1350,30,1092,258,11
West Bengal,24 PARGANAS SOUTH,1226,336,1057,169,134
West Bengal,ASANSOL,733,168,486,247,22
West Bengal,BANKURA,172,171,142,30,9
West Bengal,BDN CP,747,270,533,214,8
West Bengal,BIRBHUM,298,622,187,111,15
West Bengal,BKP CP,1325,249,905,420,2
West Bengal,BURDWAN,650,562,494,156,3
West Bengal,COOCHBEHAR,339,196,197,142,9
West Bengal,DAKSHIN DINAJPUR,240,144,193,47,0
West Bengal,DARJEELING,339,695,294,45,3
West Bengal,HOOGHLY,996,145,783,213,9
West Bengal,HOWRAH,307,709,222,85,29
West Bengal,HOWRAH CITY,1163,32,949,214,6
West Bengal,HOWRAH G.R.P.,293,0,293,0,0
West Bengal,JALPAIGURI,1251,157,1002,249,16
West Bengal,JHARGRAM,93,14,80,13,8
West Bengal,KHARAGPUR G.R.P.,142,8,141,1,0
West Bengal,KOLKATA,4910,3496,4230,680,82
West Bengal,MALDA,456,163,242,214,13
West Bengal,MURSHIDABAD,933,3728,646,287,6
West Bengal,NADIA,1288,3292,1060,228,13
West Bengal,PASCHIM MIDNAPUR,704,132,544,160,11
West Bengal,PURAB MIDNAPUR,524,20,409,115,20
West Bengal,PURULIA,226,395,178,48,2
West Bengal,SEALDAH G.R.P.,363,65,360,3,0
West Bengal,SILIGURI G.R.P.,173,0,173,0,0
West Bengal,SILIGURI_PC,1127,351,846,281,7
West Bengal,UTTAR DINAJPUR,536,2009,406,130,2
